index;City;State;city-state;Latitude;Longitude;Population;AlternateNames;isStateCapital
0;Bardo;Dolnośląskie;Bardo, Dolnośląskie;50.505;16.74;2309;;False
1;Bielawa;Dolnośląskie;Bielawa, Dolnośląskie;50.684;16.612;28027;;False
2;Bierutów;Dolnośląskie;Bierutów, Dolnośląskie;51.125;17.547;4459;;False
3;Bogatynia;Dolnośląskie;Bogatynia, Dolnośląskie;50.907;14.956;16020;;False
4;Boguszów-Gorce;Dolnośląskie;Boguszów-Gorce, Dolnośląskie;50.756;16.205;14166;;False
5;Bolesławiec;Dolnośląskie;Bolesławiec, Dolnośląskie;51.263;15.565;37055;;False
6;Bolków;Dolnośląskie;Bolków, Dolnośląskie;50.925;16.104;4632;;False
7;Brzeg Dolny;Dolnośląskie;Brzeg Dolny, Dolnośląskie;51.273;16.709;12536;;False
8;Bystrzyca Kłodzka;Dolnośląskie;Bystrzyca Kłodzka, Dolnośląskie;50.299;16.642;8939;;False
9;Chocianów;Dolnośląskie;Chocianów, Dolnośląskie;51.417;15.905;7356;;False
10;Chojnów;Dolnośląskie;Chojnów, Dolnośląskie;51.273;15.937;12361;;False
11;Duszniki-Zdrój;Dolnośląskie;Duszniki-Zdrój, Dolnośląskie;50.396;16.389;4001;;False
12;Dzierżoniów;Dolnośląskie;Dzierżoniów, Dolnośląskie;50.728;16.651;30614;;False
13;Głogów;Dolnośląskie;Głogów, Dolnośląskie;51.663;16.093;62049;;False
14;Głuszyca;Dolnośląskie;Głuszyca, Dolnośląskie;50.685;16.372;5924;;False
15;Góra;Dolnośląskie;Góra, Dolnośląskie;51.67;16.538;10700;;False
16;Gryfów Śląski;Dolnośląskie;Gryfów Śląski, Dolnośląskie;51.035;15.412;6104;;False
17;Jawor;Dolnośląskie;Jawor, Dolnośląskie;51.05;16.193;20503;;False
18;Jaworzyna Śląska;Dolnośląskie;Jaworzyna Śląska, Dolnośląskie;50.912;16.435;5035;;False
19;Jedlina-Zdrój;Dolnośląskie;Jedlina-Zdrój, Dolnośląskie;50.726;16.349;4623;;False
20;Jelcz-Laskowice;Dolnośląskie;Jelcz-Laskowice, Dolnośląskie;51.021;17.316;15004;;False
21;Jelenia Góra;Dolnośląskie;Jelenia Góra, Dolnośląskie;50.903;15.734;75124;;False
22;Kamieniec Ząbkowicki;Dolnośląskie;Kamieniec Ząbkowicki, Dolnośląskie;50.524;16.876;4309;;False
23;Kamienna Góra;Dolnośląskie;Kamienna Góra, Dolnośląskie;50.785;16.025;17110;;False
24;Karpacz;Dolnośląskie;Karpacz, Dolnośląskie;50.776;15.756;4208;;False
25;Kąty Wrocławskie;Dolnośląskie;Kąty Wrocławskie, Dolnośląskie;51.031;16.768;7168;;False
26;Kłodzko;Dolnośląskie;Kłodzko, Dolnośląskie;50.434;16.661;24810;;False
27;Kowary;Dolnośląskie;Kowary, Dolnośląskie;50.792;15.838;9745;;False
28;Kudowa-Zdrój;Dolnośląskie;Kudowa-Zdrój, Dolnośląskie;50.443;16.243;9280;;False
29;Lądek-Zdrój;Dolnośląskie;Lądek-Zdrój, Dolnośląskie;50.343;16.88;4946;;False
30;Legnica;Dolnośląskie;Legnica, Dolnośląskie;51.208;16.161;91948;;False
31;Leśna;Dolnośląskie;Leśna, Dolnośląskie;51.023;15.264;3995;;False
32;Lubań;Dolnośląskie;Lubań, Dolnośląskie;51.117;15.29;19545;;False
33;Lubawka;Dolnośląskie;Lubawka, Dolnośląskie;50.703;16.0;5536;;False
34;Lubin;Dolnośląskie;Lubin, Dolnośląskie;51.397;16.206;67620;;False
35;Lubomierz;Dolnośląskie;Lubomierz, Dolnośląskie;51.012;15.51;1775;;False
36;Lwówek Śląski;Dolnośląskie;Lwówek Śląski, Dolnośląskie;51.109;15.581;8132;;False
37;Międzybórz;Dolnośląskie;Międzybórz, Dolnośląskie;51.397;17.667;2314;;False
38;Międzylesie;Dolnośląskie;Międzylesie, Dolnośląskie;50.147;16.666;2375;;False
39;Miękinia;Dolnośląskie;Miękinia, Dolnośląskie;51.189;16.736;2094;;False
40;Mieroszów;Dolnośląskie;Mieroszów, Dolnośląskie;50.665;16.189;3729;;False
41;Milicz;Dolnośląskie;Milicz, Dolnośląskie;51.528;17.271;10771;;False
42;Mirsk;Dolnośląskie;Mirsk, Dolnośląskie;50.969;15.386;3619;;False
43;Niemcza;Dolnośląskie;Niemcza, Dolnośląskie;50.721;16.832;2683;;False
44;Nowa Ruda;Dolnośląskie;Nowa Ruda, Dolnośląskie;50.579;16.502;20421;;False
45;Nowogrodziec;Dolnośląskie;Nowogrodziec, Dolnośląskie;51.197;15.399;4102;;False
46;Oborniki Śląskie;Dolnośląskie;Oborniki Śląskie, Dolnośląskie;51.301;16.916;8990;;False
47;Oława;Dolnośląskie;Oława, Dolnośląskie;50.945;17.295;33166;;False
48;Oleśnica;Dolnośląskie;Oleśnica, Dolnośląskie;51.21;17.379;35132;;False
49;Olszyna;Dolnośląskie;Olszyna, Dolnośląskie;51.065;15.376;4288;;False
50;Piechowice;Dolnośląskie;Piechowice, Dolnośląskie;50.848;15.601;5743;;False
51;Pieńsk;Dolnośląskie;Pieńsk, Dolnośląskie;51.25;15.043;5454;;False
52;Pieszyce;Dolnośląskie;Pieszyce, Dolnośląskie;50.712;16.582;6765;;False
53;Piława Górna;Dolnośląskie;Piława Górna, Dolnośląskie;50.682;16.743;5904;;False
54;Polanica-Zdrój;Dolnośląskie;Polanica-Zdrój, Dolnośląskie;50.405;16.513;5937;;False
55;Polkowice;Dolnośląskie;Polkowice, Dolnośląskie;51.504;16.068;21350;;False
56;Prochowice;Dolnośląskie;Prochowice, Dolnośląskie;51.274;16.365;3496;;False
57;Prusice;Dolnośląskie;Prusice, Dolnośląskie;51.371;16.96;2144;;False
58;Przemków;Dolnośląskie;Przemków, Dolnośląskie;51.527;15.785;5598;;False
59;Radków;Dolnośląskie;Radków, Dolnośląskie;50.505;16.398;2245;;False
60;Ścinawa;Dolnośląskie;Ścinawa, Dolnośląskie;51.413;16.433;5251;;False
61;Siechnice;Dolnośląskie;Siechnice, Dolnośląskie;51.036;17.15;10991;;False
62;Sobótka;Dolnośląskie;Sobótka, Dolnośląskie;50.898;16.746;7022;;False
63;Środa Śląska;Dolnośląskie;Środa Śląska, Dolnośląskie;51.164;16.593;9540;;False
64;Stronie Śląskie;Dolnośląskie;Stronie Śląskie, Dolnośląskie;50.296;16.873;4992;;False
65;Strzegom;Dolnośląskie;Strzegom, Dolnośląskie;50.96;16.351;14940;;False
66;Strzelin;Dolnośląskie;Strzelin, Dolnośląskie;50.781;17.065;11936;;False
67;Świdnica;Dolnośląskie;Świdnica, Dolnośląskie;50.843;16.488;52874;;False
68;Świebodzice;Dolnośląskie;Świebodzice, Dolnośląskie;50.86;16.32;21805;;False
69;Świeradów-Zdrój;Dolnośląskie;Świeradów-Zdrój, Dolnośląskie;50.909;15.343;3960;;False
70;Świerzawa;Dolnośląskie;Świerzawa, Dolnośląskie;51.014;15.896;2003;;False
71;Syców;Dolnośląskie;Syców, Dolnośląskie;51.308;17.721;9938;;False
72;Szczawno-Zdrój;Dolnośląskie;Szczawno-Zdrój, Dolnośląskie;50.811;16.247;5240;;False
73;Szczytna;Dolnośląskie;Szczytna, Dolnośląskie;50.412;16.446;4788;;False
74;Szklarska Poręba;Dolnośląskie;Szklarska Poręba, Dolnośląskie;50.827;15.526;5776;;False
75;Trzebnica;Dolnośląskie;Trzebnica, Dolnośląskie;51.31;17.063;13655;;False
76;Twardogóra;Dolnośląskie;Twardogóra, Dolnośląskie;51.368;17.465;6177;;False
77;Wałbrzych;Dolnośląskie;Wałbrzych, Dolnośląskie;50.766;16.283;100294;;False
78;Wąsosz;Dolnośląskie;Wąsosz, Dolnośląskie;51.565;16.694;2551;;False
79;Węgliniec;Dolnośląskie;Węgliniec, Dolnośląskie;51.289;15.218;2662;;False
80;Wiązów;Dolnośląskie;Wiązów, Dolnośląskie;50.814;17.202;2254;;False
81;Wleń;Dolnośląskie;Wleń, Dolnośląskie;51.015;15.675;1569;;False
82;Wojcieszów;Dolnośląskie;Wojcieszów, Dolnośląskie;50.952;15.923;3431;;False
83;Wołów;Dolnośląskie;Wołów, Dolnośląskie;51.336;16.644;12010;;False
84;Wrocław;Dolnośląskie;Wrocław, Dolnośląskie;51.11;17.031;673743;;True
85;Ząbkowice Śląskie;Dolnośląskie;Ząbkowice Śląskie, Dolnośląskie;50.589;16.813;14240;;False
86;Żarów;Dolnośląskie;Żarów, Dolnośląskie;50.942;16.498;6424;;False
87;Zawidów;Dolnośląskie;Zawidów, Dolnośląskie;51.025;15.062;3761;;False
88;Zgorzelec;Dolnośląskie;Zgorzelec, Dolnośląskie;51.15;15.01;28931;;False
89;Ziębice;Dolnośląskie;Ziębice, Dolnośląskie;50.601;17.043;7981;;False
90;Złotoryja;Dolnośląskie;Złotoryja, Dolnośląskie;51.126;15.921;14168;;False
91;Złoty Stok;Dolnośląskie;Złoty Stok, Dolnośląskie;50.443;16.872;2432;;False
92;Żmigród;Dolnośląskie;Żmigród, Dolnośląskie;51.467;16.906;6177;;False
93;Aleksandrów Kujawski;Kujawsko-Pomorskie;Aleksandrów Kujawski, Kujawsko-Pomorskie;52.877;18.693;11474;;False
94;Barcin;Kujawsko-Pomorskie;Barcin, Kujawsko-Pomorskie;52.866;17.946;6926;;False
95;Brodnica;Kujawsko-Pomorskie;Brodnica, Kujawsko-Pomorskie;53.257;19.403;28190;;False
96;Brześć Kujawski;Kujawsko-Pomorskie;Brześć Kujawski, Kujawsko-Pomorskie;52.607;18.901;4525;;False
97;Bydgoszcz;Kujawsko-Pomorskie;Bydgoszcz, Kujawsko-Pomorskie;53.125;18.003;326434;;True
98;Chełmno;Kujawsko-Pomorskie;Chełmno, Kujawsko-Pomorskie;53.35;18.434;18052;;False
99;Chełmża;Kujawsko-Pomorskie;Chełmża, Kujawsko-Pomorskie;53.184;18.605;13691;;False
100;Chodecz;Kujawsko-Pomorskie;Chodecz, Kujawsko-Pomorskie;52.404;19.028;1705;;False
101;Ciechocinek;Kujawsko-Pomorskie;Ciechocinek, Kujawsko-Pomorskie;52.879;18.795;10153;;False
102;Dobrzyń nad Wisłą;Kujawsko-Pomorskie;Dobrzyń nad Wisłą, Kujawsko-Pomorskie;52.639;19.319;1962;;False
103;Gniewkowo;Kujawsko-Pomorskie;Gniewkowo, Kujawsko-Pomorskie;52.893;18.413;6677;;False
104;Golub-Dobrzyń;Kujawsko-Pomorskie;Golub-Dobrzyń, Kujawsko-Pomorskie;53.111;19.054;11261;;False
105;Górzno;Kujawsko-Pomorskie;Górzno, Kujawsko-Pomorskie;53.197;19.643;1391;;False
106;Grudziądz;Kujawsko-Pomorskie;Grudziądz, Kujawsko-Pomorskie;53.491;18.753;88658;;False
107;Inowrocław;Kujawsko-Pomorskie;Inowrocław, Kujawsko-Pomorskie;52.795;18.26;67378;;False
108;Izbica Kujawska;Kujawsko-Pomorskie;Izbica Kujawska, Kujawsko-Pomorskie;52.421;18.762;2460;;False
109;Jabłonowo Pomorskie;Kujawsko-Pomorskie;Jabłonowo Pomorskie, Kujawsko-Pomorskie;53.389;19.154;3648;;False
110;Janikowo;Kujawsko-Pomorskie;Janikowo, Kujawsko-Pomorskie;52.754;18.114;8136;;False
111;Janowiec Wielkopolski;Kujawsko-Pomorskie;Janowiec Wielkopolski, Kujawsko-Pomorskie;52.76;17.489;3675;;False
112;Kamień Krajeński;Kujawsko-Pomorskie;Kamień Krajeński, Kujawsko-Pomorskie;53.534;17.521;2321;;False
113;Kcynia;Kujawsko-Pomorskie;Kcynia, Kujawsko-Pomorskie;52.992;17.49;4238;;False
114;Koronowo;Kujawsko-Pomorskie;Koronowo, Kujawsko-Pomorskie;53.316;17.925;10743;;False
115;Kowal;Kujawsko-Pomorskie;Kowal, Kujawsko-Pomorskie;52.53;19.148;3278;;False
116;Kowalewo Pomorskie;Kujawsko-Pomorskie;Kowalewo Pomorskie, Kujawsko-Pomorskie;53.155;18.901;4063;;False
117;Kruszwica;Kujawsko-Pomorskie;Kruszwica, Kujawsko-Pomorskie;52.674;18.33;9070;;False
118;Łabiszyn;Kujawsko-Pomorskie;Łabiszyn, Kujawsko-Pomorskie;52.951;17.92;4352;;False
119;Łasin;Kujawsko-Pomorskie;Łasin, Kujawsko-Pomorskie;53.518;19.084;3060;;False
120;Lipno;Kujawsko-Pomorskie;Lipno, Kujawsko-Pomorskie;52.844;19.181;13380;;False
121;Lubień Kujawski;Kujawsko-Pomorskie;Lubień Kujawski, Kujawsko-Pomorskie;52.406;19.165;1307;;False
122;Lubraniec;Kujawsko-Pomorskie;Lubraniec, Kujawsko-Pomorskie;52.541;18.831;2696;;False
123;Mogilno;Kujawsko-Pomorskie;Mogilno, Kujawsko-Pomorskie;52.658;17.956;10972;;False
124;Mrocza;Kujawsko-Pomorskie;Mrocza, Kujawsko-Pomorskie;53.247;17.608;4129;;False
125;Nakło nad Notecią;Kujawsko-Pomorskie;Nakło nad Notecią, Kujawsko-Pomorskie;53.14;17.603;17002;;False
126;Nieszawa;Kujawsko-Pomorskie;Nieszawa, Kujawsko-Pomorskie;52.834;18.899;1740;;False
127;Nowe;Kujawsko-Pomorskie;Nowe, Kujawsko-Pomorskie;53.649;18.727;5413;;False
128;Pakość;Kujawsko-Pomorskie;Pakość, Kujawsko-Pomorskie;52.801;18.085;5136;;False
129;Piotrków Kujawski;Kujawsko-Pomorskie;Piotrków Kujawski, Kujawsko-Pomorskie;52.551;18.499;4185;;False
130;Pruszcz;Kujawsko-Pomorskie;Pruszcz, Kujawsko-Pomorskie;53.331;18.197;2759;;False
131;Radziejów;Kujawsko-Pomorskie;Radziejów, Kujawsko-Pomorskie;52.625;18.524;5055;;False
132;Radzyń Chełmiński;Kujawsko-Pomorskie;Radzyń Chełmiński, Kujawsko-Pomorskie;53.384;18.939;1795;;False
133;Rypin;Kujawsko-Pomorskie;Rypin, Kujawsko-Pomorskie;53.066;19.409;15379;;False
134;Sępólno Krajeńskie;Kujawsko-Pomorskie;Sępólno Krajeńskie, Kujawsko-Pomorskie;53.455;17.534;8720;;False
135;Skępe;Kujawsko-Pomorskie;Skępe, Kujawsko-Pomorskie;52.867;19.346;3415;;False
136;Solec Kujawski;Kujawsko-Pomorskie;Solec Kujawski, Kujawsko-Pomorskie;53.083;18.226;15249;;False
137;Strzelno;Kujawsko-Pomorskie;Strzelno, Kujawsko-Pomorskie;52.628;18.173;5230;;False
138;Świecie;Kujawsko-Pomorskie;Świecie, Kujawsko-Pomorskie;53.409;18.451;24841;;False
139;Szubin;Kujawsko-Pomorskie;Szubin, Kujawsko-Pomorskie;53.008;17.741;9402;;False
140;Toruń;Kujawsko-Pomorskie;Toruń, Kujawsko-Pomorskie;53.01;18.605;194771;;False
141;Tuchola;Kujawsko-Pomorskie;Tuchola, Kujawsko-Pomorskie;53.588;17.861;12969;;False
142;Wąbrzeźno;Kujawsko-Pomorskie;Wąbrzeźno, Kujawsko-Pomorskie;53.281;18.948;12892;;False
143;Więcbork;Kujawsko-Pomorskie;Więcbork, Kujawsko-Pomorskie;53.354;17.491;5619;;False
144;Włocławek;Kujawsko-Pomorskie;Włocławek, Kujawsko-Pomorskie;52.655;19.066;100807;;False
145;Żnin;Kujawsko-Pomorskie;Żnin, Kujawsko-Pomorskie;52.849;17.72;13040;;False
146;Aleksandrów Łódzki;Łódzkie;Aleksandrów Łódzki, Łódzkie;51.819;19.306;22002;;False
147;Bełchatów;Łódzkie;Bełchatów, Łódzkie;51.363;19.378;52331;;False
148;Biała Rawska;Łódzkie;Biała Rawska, Łódzkie;51.808;20.473;3001;;False
149;Błaszki;Łódzkie;Błaszki, Łódzkie;51.652;18.434;1987;;False
150;Bolimów;Łódzkie;Bolimów, Łódzkie;52.076;20.164;900;;False
151;Brzeziny;Łódzkie;Brzeziny, Łódzkie;51.8;19.752;11949;;False
152;Dąbrowice;Łódzkie;Dąbrowice, Łódzkie;52.316;19.084;951;;False
153;Drzewica;Łódzkie;Drzewica, Łódzkie;51.451;20.477;3526;;False
154;Działoszyn;Łódzkie;Działoszyn, Łódzkie;51.116;18.864;5239;;False
155;Głowno;Łódzkie;Głowno, Łódzkie;51.964;19.715;13116;;False
156;Jeżów;Łódzkie;Jeżów, Łódzkie;51.814;19.969;1254;;False
157;Kamieńsk;Łódzkie;Kamieńsk, Łódzkie;51.203;19.498;2599;;False
158;Koluszki;Łódzkie;Koluszki, Łódzkie;51.738;19.82;12046;;False
159;Konstantynów Łódzki;Łódzkie;Konstantynów Łódzki, Łódzkie;51.748;19.325;19231;;False
160;Krośniewice;Łódzkie;Krośniewice, Łódzkie;52.252;19.17;3991;;False
161;Kutno;Łódzkie;Kutno, Łódzkie;52.233;19.357;40723;;False
162;Łask;Łódzkie;Łask, Łódzkie;51.59;19.133;16058;;False
163;Łęczyca;Łódzkie;Łęczyca, Łódzkie;52.059;19.198;13065;;False
164;Łódź;Łódzkie;Łódź, Łódzkie;51.771;19.466;652015;;True
165;Łowicz;Łódzkie;Łowicz, Łódzkie;52.108;19.945;25972;;False
166;Lutomiersk;Łódzkie;Lutomiersk, Łódzkie;51.754;19.212;1574;;False
167;Lututów;Łódzkie;Lututów, Łódzkie;51.371;18.434;2200;;False
168;Opoczno;Łódzkie;Opoczno, Łódzkie;51.377;20.286;18913;;False
169;Ozorków;Łódzkie;Ozorków, Łódzkie;51.964;19.292;18064;;False
170;Pabianice;Łódzkie;Pabianice, Łódzkie;51.663;19.363;60598;;False
171;Pajęczno;Łódzkie;Pajęczno, Łódzkie;51.145;18.999;6370;;False
172;Piątek;Łódzkie;Piątek, Łódzkie;52.069;19.48;1551;;False
173;Piotrków Trybunalski;Łódzkie;Piotrków Trybunalski, Łódzkie;51.409;19.69;66519;;False
174;Poddębice;Łódzkie;Poddębice, Łódzkie;51.893;18.957;6756;;False
175;Przedbórz;Łódzkie;Przedbórz, Łódzkie;51.088;19.874;3182;;False
176;Radomsko;Łódzkie;Radomsko, Łódzkie;51.067;19.444;42973;;False
177;Rawa Mazowiecka;Łódzkie;Rawa Mazowiecka, Łódzkie;51.766;20.256;15941;;False
178;Rozprza;Łódzkie;Rozprza, Łódzkie;51.303;19.646;1622;;False
179;Rzgów;Łódzkie;Rzgów, Łódzkie;51.663;19.49;3457;;False
180;Sieradz;Łódzkie;Sieradz, Łódzkie;51.593;18.727;38729;;False
181;Skierniewice;Łódzkie;Skierniewice, Łódzkie;51.957;20.142;45184;;False
182;Stryków;Łódzkie;Stryków, Łódzkie;51.902;19.605;3363;;False
183;Sulejów;Łódzkie;Sulejów, Łódzkie;51.355;19.882;5932;;False
184;Szadek;Łódzkie;Szadek, Łódzkie;51.692;18.976;1761;;False
185;Tomaszów Mazowiecki;Łódzkie;Tomaszów Mazowiecki, Łódzkie;51.531;20.006;57438;;False
186;Tuszyn;Łódzkie;Tuszyn, Łódzkie;51.61;19.535;7171;;False
187;Ujazd;Łódzkie;Ujazd, Łódzkie;51.599;19.921;1533;;False
188;Uniejów;Łódzkie;Uniejów, Łódzkie;51.97;18.797;2982;;False
189;Warta;Łódzkie;Warta, Łódzkie;51.711;18.625;2935;;False
190;Wieluń;Łódzkie;Wieluń, Łódzkie;51.221;18.57;20448;;False
191;Wieruszów;Łódzkie;Wieruszów, Łódzkie;51.295;18.161;8332;;False
192;Wolbórz;Łódzkie;Wolbórz, Łódzkie;51.502;19.83;2270;;False
193;Zduńska Wola;Łódzkie;Zduńska Wola, Łódzkie;51.599;18.941;38402;;False
194;Zelów;Łódzkie;Zelów, Łódzkie;51.466;19.221;7059;;False
195;Zgierz;Łódzkie;Zgierz, Łódzkie;51.855;19.408;53543;;False
196;Złoczew;Łódzkie;Złoczew, Łódzkie;51.419;18.606;3403;;False
197;Żychlin;Łódzkie;Żychlin, Łódzkie;52.244;19.626;7494;;False
198;Annopol;Lubelskie;Annopol, Lubelskie;50.889;21.866;2300;;False
199;Bełżyce;Lubelskie;Bełżyce, Lubelskie;51.175;22.283;5936;;False
200;Biała Podlaska;Lubelskie;Biała Podlaska, Lubelskie;52.034;23.119;54453;;False
201;Biłgoraj;Lubelskie;Biłgoraj, Lubelskie;50.54;22.72;24769;;False
202;Bychawa;Lubelskie;Bychawa, Lubelskie;51.015;22.535;4476;;False
203;Chełm;Lubelskie;Chełm, Lubelskie;51.133;23.474;57214;;False
204;Dęblin;Lubelskie;Dęblin, Lubelskie;51.559;21.849;14132;;False
205;Frampol;Lubelskie;Frampol, Lubelskie;50.672;22.671;1330;;False
206;Goraj;Lubelskie;Goraj, Lubelskie;50.721;22.667;896;;False
207;Hrubieszów;Lubelskie;Hrubieszów, Lubelskie;50.803;23.892;15935;;False
208;Izbica;Lubelskie;Izbica, Lubelskie;50.89;23.167;1684;;False
209;Janów Lubelski;Lubelskie;Janów Lubelski, Lubelskie;50.705;22.419;10894;;False
210;Józefów;Lubelskie;Józefów, Lubelskie;50.481;23.057;2319;;False
211;Józefów nad Wisłą;Lubelskie;Józefów nad Wisłą, Lubelskie;51.041;21.83;803;;False
212;Kamionka;Lubelskie;Kamionka, Lubelskie;51.47;22.462;1714;;False
213;Kazimierz Dolny;Lubelskie;Kazimierz Dolny, Lubelskie;51.318;21.954;3239;;False
214;Kock;Lubelskie;Kock, Lubelskie;51.639;22.448;2870;;False
215;Kraśnik;Lubelskie;Kraśnik, Lubelskie;50.922;22.225;31296;;False
216;Krasnobród;Lubelskie;Krasnobród, Lubelskie;50.545;23.218;2967;;False
217;Krasnystaw;Lubelskie;Krasnystaw, Lubelskie;50.984;23.173;17366;;False
218;Łaszczów;Lubelskie;Łaszczów, Lubelskie;50.533;23.726;1961;;False
219;Łęczna;Lubelskie;Łęczna, Lubelskie;51.306;22.882;17665;;False
220;Lubartów;Lubelskie;Lubartów, Lubelskie;51.462;22.61;19734;;False
221;Lublin;Lubelskie;Lublin, Lubelskie;51.249;22.569;329565;;True
222;Lubycza Królewska;Lubelskie;Lubycza Królewska, Lubelskie;50.34;23.523;2142;;False
223;Łuków;Lubelskie;Łuków, Lubelskie;51.929;22.382;27159;;False
224;Międzyrzec Podlaski;Lubelskie;Międzyrzec Podlaski, Lubelskie;51.985;22.785;15389;;False
225;Modliborzyce;Lubelskie;Modliborzyce, Lubelskie;50.753;22.33;1416;;False
226;Nałęczów;Lubelskie;Nałęczów, Lubelskie;51.286;22.215;3611;;False
227;Opole Lubelskie;Lubelskie;Opole Lubelskie, Lubelskie;51.147;21.969;7864;;False
228;Ostrów Lubelski;Lubelskie;Ostrów Lubelski, Lubelskie;51.494;22.853;1964;;False
229;Parczew;Lubelskie;Parczew, Lubelskie;51.639;22.897;10185;;False
230;Piaski;Lubelskie;Piaski, Lubelskie;51.134;22.839;2416;;False
231;Poniatowa;Lubelskie;Poniatowa, Lubelskie;51.193;22.065;8246;;False
232;Puławy;Lubelskie;Puławy, Lubelskie;51.417;21.972;43860;;False
233;Radzyń Podlaski;Lubelskie;Radzyń Podlaski, Lubelskie;51.783;22.622;14293;;False
234;Rejowiec;Lubelskie;Rejowiec, Lubelskie;51.091;23.281;1982;;False
235;Rejowiec Fabryczny;Lubelskie;Rejowiec Fabryczny, Lubelskie;51.115;23.246;4003;;False
236;Ryki;Lubelskie;Ryki, Lubelskie;51.625;21.933;8985;;False
237;Siedliszcze;Lubelskie;Siedliszcze, Lubelskie;51.196;23.162;1325;;False
238;Stoczek Łukowski;Lubelskie;Stoczek Łukowski, Lubelskie;51.961;21.971;2362;;False
239;Świdnik;Lubelskie;Świdnik, Lubelskie;51.22;22.7;36680;;False
240;Szczebrzeszyn;Lubelskie;Szczebrzeszyn, Lubelskie;50.695;22.98;4744;;False
241;Tarnogród;Lubelskie;Tarnogród, Lubelskie;50.36;22.742;3109;;False
242;Terespol;Lubelskie;Terespol, Lubelskie;52.075;23.615;5121;;False
243;Tomaszów Lubelski;Lubelskie;Tomaszów Lubelski, Lubelskie;50.453;23.419;17848;;False
244;Tyszowce;Lubelskie;Tyszowce, Lubelskie;50.615;23.702;1821;;False
245;Urzędów;Lubelskie;Urzędów, Lubelskie;50.994;22.143;1708;;False
246;Włodawa;Lubelskie;Włodawa, Lubelskie;51.544;23.554;12123;;False
247;Zamość;Lubelskie;Zamość, Lubelskie;50.723;23.264;58231;;False
248;Zwierzyniec;Lubelskie;Zwierzyniec, Lubelskie;50.614;22.975;2780;;False
249;Babimost;Lubuskie;Babimost, Lubuskie;52.165;15.828;3818;;False
250;Bytom Odrzański;Lubuskie;Bytom Odrzański, Lubuskie;51.731;15.822;3910;;False
251;Cybinka;Lubuskie;Cybinka, Lubuskie;52.195;14.797;2656;;False
252;Czerwieńsk;Lubuskie;Czerwieńsk, Lubuskie;52.013;15.423;3776;;False
253;Dobiegniew;Lubuskie;Dobiegniew, Lubuskie;52.97;15.753;2985;;False
254;Drezdenko;Lubuskie;Drezdenko, Lubuskie;52.838;15.831;9455;;False
255;Gorzów Wielkopolski;Lubuskie;Gorzów Wielkopolski, Lubuskie;52.731;15.24;115247;;True
256;Gozdnica;Lubuskie;Gozdnica, Lubuskie;51.44;15.102;2726;;False
257;Gubin;Lubuskie;Gubin, Lubuskie;51.949;14.728;15606;;False
258;Iłowa;Lubuskie;Iłowa, Lubuskie;51.5;15.193;3593;;False
259;Jasień;Lubuskie;Jasień, Lubuskie;51.753;15.011;4037;;False
260;Kargowa;Lubuskie;Kargowa, Lubuskie;52.072;15.865;3827;;False
261;Kostrzyn nad Odrą;Lubuskie;Kostrzyn nad Odrą, Lubuskie;52.587;14.649;17591;;False
262;Kożuchów;Lubuskie;Kożuchów, Lubuskie;51.747;15.597;8892;;False
263;Krosno Odrzańskie;Lubuskie;Krosno Odrzańskie, Lubuskie;52.055;15.097;10533;;False
264;Łęknica;Lubuskie;Łęknica, Lubuskie;51.541;14.739;2238;;False
265;Lubniewice;Lubuskie;Lubniewice, Lubuskie;52.516;15.25;2004;;False
266;Lubsko;Lubuskie;Lubsko, Lubuskie;51.784;14.972;12858;;False
267;Małomice;Lubuskie;Małomice, Lubuskie;51.554;15.449;3420;;False
268;Międzyrzecz;Lubuskie;Międzyrzecz, Lubuskie;52.444;15.578;16831;;False
269;Nowa Sól;Lubuskie;Nowa Sól, Lubuskie;51.803;15.719;36040;;False
270;Nowe Miasteczko;Lubuskie;Nowe Miasteczko, Lubuskie;51.69;15.732;2636;;False
271;Nowogród Bobrzański;Lubuskie;Nowogród Bobrzański, Lubuskie;51.801;15.247;4767;;False
272;Ośno Lubuskie;Lubuskie;Ośno Lubuskie, Lubuskie;52.452;14.878;3889;;False
273;Otyń;Lubuskie;Otyń, Lubuskie;51.847;15.71;1758;;False
274;Rzepin;Lubuskie;Rzepin, Lubuskie;52.347;14.832;6404;;False
275;Skwierzyna;Lubuskie;Skwierzyna, Lubuskie;52.599;15.506;9078;;False
276;Sława;Lubuskie;Sława, Lubuskie;51.876;16.072;4103;;False
277;Słubice;Lubuskie;Słubice, Lubuskie;52.351;14.56;16255;;False
278;Strzelce Krajeńskie;Lubuskie;Strzelce Krajeńskie, Lubuskie;52.879;15.535;9705;;False
279;Sulechów;Lubuskie;Sulechów, Lubuskie;52.083;15.625;15467;;False
280;Sulęcin;Lubuskie;Sulęcin, Lubuskie;52.442;15.113;9738;;False
281;Świebodzin;Lubuskie;Świebodzin, Lubuskie;52.248;15.535;20778;;False
282;Szlichtyngowa;Lubuskie;Szlichtyngowa, Lubuskie;51.713;16.243;1257;;False
283;Szprotawa;Lubuskie;Szprotawa, Lubuskie;51.566;15.536;10554;;False
284;Torzym;Lubuskie;Torzym, Lubuskie;52.312;15.082;2391;;False
285;Trzciel;Lubuskie;Trzciel, Lubuskie;52.364;15.875;2221;;False
286;Witnica;Lubuskie;Witnica, Lubuskie;52.673;14.898;6434;;False
287;Wschowa;Lubuskie;Wschowa, Lubuskie;51.807;16.316;12991;;False
288;Żagań;Lubuskie;Żagań, Lubuskie;51.615;15.324;23462;;False
289;Żary;Lubuskie;Żary, Lubuskie;51.638;15.138;34837;;False
290;Zbąszynek;Lubuskie;Zbąszynek, Lubuskie;52.242;15.815;4898;;False
291;Zielona Góra;Lubuskie;Zielona Góra, Lubuskie;51.938;15.505;138932;;False
292;Alwernia;Małopolskie;Alwernia, Małopolskie;50.06;19.539;3244;;False
293;Andrychów;Małopolskie;Andrychów, Małopolskie;49.854;19.34;18311;;False
294;Biecz;Małopolskie;Biecz, Małopolskie;49.733;21.258;4313;;False
295;Bobowa;Małopolskie;Bobowa, Małopolskie;49.709;20.945;3060;;False
296;Bochnia;Małopolskie;Bochnia, Małopolskie;49.969;20.43;28441;;False
297;Brzesko;Małopolskie;Brzesko, Małopolskie;49.965;20.603;15928;;False
298;Brzeszcze;Małopolskie;Brzeszcze, Małopolskie;49.985;19.144;10657;;False
299;Bukowno;Małopolskie;Bukowno, Małopolskie;50.263;19.458;9467;;False
300;Chełmek;Małopolskie;Chełmek, Małopolskie;50.1;19.249;8413;;False
301;Chrzanów;Małopolskie;Chrzanów, Małopolskie;50.142;19.405;33928;;False
302;Ciężkowice;Małopolskie;Ciężkowice, Małopolskie;49.783;20.974;2482;;False
303;Czarny Dunajec;Małopolskie;Czarny Dunajec, Małopolskie;49.441;19.853;3680;;False
304;Czchów;Małopolskie;Czchów, Małopolskie;49.837;20.68;2276;;False
305;Dąbrowa Tarnowska;Małopolskie;Dąbrowa Tarnowska, Małopolskie;50.174;20.984;11458;;False
306;Dobczyce;Małopolskie;Dobczyce, Małopolskie;49.881;20.089;6163;;False
307;Gorlice;Małopolskie;Gorlice, Małopolskie;49.658;21.16;25523;;False
308;Grybów;Małopolskie;Grybów, Małopolskie;49.617;20.947;5947;;False
309;Jordanów;Małopolskie;Jordanów, Małopolskie;49.648;19.83;5403;;False
310;Kalwaria Zebrzydowska;Małopolskie;Kalwaria Zebrzydowska, Małopolskie;49.867;19.677;4300;;False
311;Kęty;Małopolskie;Kęty, Małopolskie;49.881;19.223;17669;;False
312;Koszyce;Małopolskie;Koszyce, Małopolskie;50.169;20.578;759;;False
313;Kraków;Małopolskie;Kraków, Małopolskie;50.061;19.938;806201;Krakow;True
314;Krynica-Zdrój;Małopolskie;Krynica-Zdrój, Małopolskie;49.422;20.959;9597;;False
315;Krzeszowice;Małopolskie;Krzeszowice, Małopolskie;50.142;19.634;9743;;False
316;Książ Wielki;Małopolskie;Książ Wielki, Małopolskie;50.443;20.141;839;;False
317;Libiąż;Małopolskie;Libiąż, Małopolskie;50.104;19.317;15912;;False
318;Limanowa;Małopolskie;Limanowa, Małopolskie;49.706;20.422;14430;;False
319;Maków Podhalański;Małopolskie;Maków Podhalański, Małopolskie;49.73;19.677;5534;;False
320;Miechów;Małopolskie;Miechów, Małopolskie;50.357;20.027;10918;;False
321;Mszana Dolna;Małopolskie;Mszana Dolna, Małopolskie;49.674;20.08;7826;;False
322;Muszyna;Małopolskie;Muszyna, Małopolskie;49.353;20.892;4433;;False
323;Myślenice;Małopolskie;Myślenice, Małopolskie;49.834;19.938;17745;;False
324;Niepołomice;Małopolskie;Niepołomice, Małopolskie;50.041;20.223;16805;;False
325;Nowe Brzesko;Małopolskie;Nowe Brzesko, Małopolskie;50.132;20.377;1604;;False
326;Nowy Sącz;Małopolskie;Nowy Sącz, Małopolskie;49.625;20.691;80358;;False
327;Nowy Targ;Małopolskie;Nowy Targ, Małopolskie;49.479;20.03;33065;;False
328;Nowy Wiśnicz;Małopolskie;Nowy Wiśnicz, Małopolskie;49.915;20.461;2730;;False
329;Olkusz;Małopolskie;Olkusz, Małopolskie;50.279;19.56;32261;;False
330;Oświęcim;Małopolskie;Oświęcim, Małopolskie;50.038;19.222;35577;;False
331;Piwniczna-Zdrój;Małopolskie;Piwniczna-Zdrój, Małopolskie;49.438;20.711;5385;;False
332;Proszowice;Małopolskie;Proszowice, Małopolskie;50.192;20.289;5744;;False
333;Rabka-Zdrój;Małopolskie;Rabka-Zdrój, Małopolskie;49.609;19.967;12233;;False
334;Radłów;Małopolskie;Radłów, Małopolskie;50.084;20.85;2698;;False
335;Ryglice;Małopolskie;Ryglice, Małopolskie;49.88;21.138;2673;;False
336;Skała;Małopolskie;Skała, Małopolskie;50.23;19.854;3880;;False
337;Skawina;Małopolskie;Skawina, Małopolskie;49.976;19.828;23967;;False
338;Słomniki;Małopolskie;Słomniki, Małopolskie;50.241;20.082;4161;;False
339;Stary Sącz;Małopolskie;Stary Sącz, Małopolskie;49.564;20.633;8701;;False
340;Sucha Beskidzka;Małopolskie;Sucha Beskidzka, Małopolskie;49.742;19.591;8868;;False
341;Sułkowice;Małopolskie;Sułkowice, Małopolskie;49.853;19.8;6464;;False
342;Świątniki Górne;Małopolskie;Świątniki Górne, Małopolskie;49.934;19.954;2385;;False
343;Szczawnica;Małopolskie;Szczawnica, Małopolskie;49.423;20.483;5208;;False
344;Szczucin;Małopolskie;Szczucin, Małopolskie;50.309;21.075;4086;;False
345;Tarnów;Małopolskie;Tarnów, Małopolskie;50.013;20.989;103129;;False
346;Trzebinia;Małopolskie;Trzebinia, Małopolskie;50.16;19.471;18502;;False
347;Tuchów;Małopolskie;Tuchów, Małopolskie;49.895;21.054;6176;;False
348;Wadowice;Małopolskie;Wadowice, Małopolskie;49.883;19.494;17196;;False
349;Wieliczka;Małopolskie;Wieliczka, Małopolskie;49.984;20.061;27845;;False
350;Wojnicz;Małopolskie;Wojnicz, Małopolskie;49.958;20.839;3141;;False
351;Wolbrom;Małopolskie;Wolbrom, Małopolskie;50.379;19.758;8045;;False
352;Żabno;Małopolskie;Żabno, Małopolskie;50.133;20.886;4100;;False
353;Zakliczyn;Małopolskie;Zakliczyn, Małopolskie;49.856;20.814;1579;;False
354;Zakopane;Małopolskie;Zakopane, Małopolskie;49.298;19.949;25204;;False
355;Zator;Małopolskie;Zator, Małopolskie;49.994;19.438;3601;;False
356;Białobrzegi;Mazowieckie;Białobrzegi, Mazowieckie;51.647;20.957;6407;;False
357;Bieżuń;Mazowieckie;Bieżuń, Mazowieckie;52.963;19.886;1713;;False
358;Błonie;Mazowieckie;Błonie, Mazowieckie;52.199;20.617;12172;;False
359;Bodzanów;Mazowieckie;Bodzanów, Mazowieckie;52.501;20.029;1121;;False
360;Brok;Mazowieckie;Brok, Mazowieckie;52.698;21.847;1731;;False
361;Brwinów;Mazowieckie;Brwinów, Mazowieckie;52.143;20.718;14568;;False
362;Cegłów;Mazowieckie;Cegłów, Mazowieckie;52.147;21.74;2311;;False
363;Chorzele;Mazowieckie;Chorzele, Mazowieckie;53.259;20.897;2894;;False
364;Ciechanów;Mazowieckie;Ciechanów, Mazowieckie;52.879;20.618;41740;;False
365;Czerwińsk nad Wisłą;Mazowieckie;Czerwińsk nad Wisłą, Mazowieckie;52.394;20.312;981;;False
366;Drobin;Mazowieckie;Drobin, Mazowieckie;52.737;19.992;2631;;False
367;Gąbin;Mazowieckie;Gąbin, Mazowieckie;52.397;19.736;4124;;False
368;Garwolin;Mazowieckie;Garwolin, Mazowieckie;51.897;21.615;17268;;False
369;Glinojeck;Mazowieckie;Glinojeck, Mazowieckie;52.818;20.284;2788;;False
370;Góra Kalwaria;Mazowieckie;Góra Kalwaria, Mazowieckie;51.976;21.215;12129;;False
371;Gostynin;Mazowieckie;Gostynin, Mazowieckie;52.429;19.461;16986;;False
372;Grodzisk Mazowiecki;Mazowieckie;Grodzisk Mazowiecki, Mazowieckie;52.104;20.624;34718;;False
373;Grójec;Mazowieckie;Grójec, Mazowieckie;51.866;20.867;16807;;False
374;Halinów;Mazowieckie;Halinów, Mazowieckie;52.228;21.355;3752;;False
375;Iłża;Mazowieckie;Iłża, Mazowieckie;51.163;21.24;4280;;False
376;Jadów;Mazowieckie;Jadów, Mazowieckie;52.479;21.633;907;;False
377;Jastrząb;Mazowieckie;Jastrząb, Mazowieckie;51.247;20.947;1178;;False
378;Jedlnia-Letnisko;Mazowieckie;Jedlnia-Letnisko, Mazowieckie;51.431;21.328;3957;;False
379;Józefów;Mazowieckie;Józefów, Mazowieckie;52.137;21.235;21217;;False
380;Kałuszyn;Mazowieckie;Kałuszyn, Mazowieckie;52.207;21.81;2699;;False
381;Karczew;Mazowieckie;Karczew, Mazowieckie;52.076;21.25;9245;;False
382;Kobyłka;Mazowieckie;Kobyłka, Mazowieckie;52.339;21.196;28339;;False
383;Konstancin-Jeziorna;Mazowieckie;Konstancin-Jeziorna, Mazowieckie;52.094;21.118;16894;;False
384;Kosów Lacki;Mazowieckie;Kosów Lacki, Mazowieckie;52.596;22.147;1962;;False
385;Kozienice;Mazowieckie;Kozienice, Mazowieckie;51.585;21.551;15530;;False
386;Łaskarzew;Mazowieckie;Łaskarzew, Mazowieckie;51.789;21.592;4489;;False
387;Latowicz;Mazowieckie;Latowicz, Mazowieckie;52.027;21.806;1339;;False
388;Legionowo;Mazowieckie;Legionowo, Mazowieckie;52.4;20.938;52630;;False
389;Lipsko;Mazowieckie;Lipsko, Mazowieckie;51.159;21.649;4948;;False
390;Łochów;Mazowieckie;Łochów, Mazowieckie;52.533;21.707;6545;;False
391;Łomianki;Mazowieckie;Łomianki, Mazowieckie;52.334;20.887;18226;;False
392;Łosice;Mazowieckie;Łosice, Mazowieckie;52.212;22.718;6808;;False
393;Lubowidz;Mazowieckie;Lubowidz, Mazowieckie;53.121;19.842;1499;;False
394;Maków Mazowiecki;Mazowieckie;Maków Mazowiecki, Mazowieckie;52.865;21.1;8939;;False
395;Marki;Mazowieckie;Marki, Mazowieckie;52.321;21.105;45365;;False
396;Milanówek;Mazowieckie;Milanówek, Mazowieckie;52.119;20.672;16424;;False
397;Mińsk Mazowiecki;Mazowieckie;Mińsk Mazowiecki, Mazowieckie;52.18;21.567;39837;;False
398;Mława;Mazowieckie;Mława, Mazowieckie;53.112;20.384;30802;;False
399;Mogielnica;Mazowieckie;Mogielnica, Mazowieckie;51.694;20.723;2118;;False
400;Mordy;Mazowieckie;Mordy, Mazowieckie;52.212;22.518;1599;;False
401;Mrozy;Mazowieckie;Mrozy, Mazowieckie;52.166;21.803;3623;;False
402;Mszczonów;Mazowieckie;Mszczonów, Mazowieckie;51.982;20.522;6090;;False
403;Myszyniec;Mazowieckie;Myszyniec, Mazowieckie;53.38;21.35;3189;;False
404;Nasielsk;Mazowieckie;Nasielsk, Mazowieckie;52.59;20.807;7315;;False
405;Nowe Miasto;Mazowieckie;Nowe Miasto, Mazowieckie;52.656;20.629;1514;;False
406;Nowe Miasto nad Pilicą;Mazowieckie;Nowe Miasto nad Pilicą, Mazowieckie;51.618;20.577;3484;;False
407;Nowy Dwór Mazowiecki;Mazowieckie;Nowy Dwór Mazowiecki, Mazowieckie;52.43;20.715;28548;;False
408;Ostrołęka;Mazowieckie;Ostrołęka, Mazowieckie;53.082;21.572;48229;;False
409;Ostrów Mazowiecka;Mazowieckie;Ostrów Mazowiecka, Mazowieckie;52.804;21.896;21530;;False
410;Otwock;Mazowieckie;Otwock, Mazowieckie;52.107;21.262;43895;;False
411;Ożarów Mazowiecki;Mazowieckie;Ożarów Mazowiecki, Mazowieckie;52.21;20.797;15623;;False
412;Piaseczno;Mazowieckie;Piaseczno, Mazowieckie;52.075;21.028;51971;;False
413;Piastów;Mazowieckie;Piastów, Mazowieckie;52.19;20.841;22932;;False
414;Pilawa;Mazowieckie;Pilawa, Mazowieckie;51.959;21.529;4431;;False
415;Pionki;Mazowieckie;Pionki, Mazowieckie;51.478;21.442;16089;;False
416;Płock;Mazowieckie;Płock, Mazowieckie;52.545;19.685;111190;;False
417;Płońsk;Mazowieckie;Płońsk, Mazowieckie;52.623;20.375;21530;;False
418;Podkowa Leśna;Mazowieckie;Podkowa Leśna, Mazowieckie;52.12;20.727;3799;;False
419;Pruszków;Mazowieckie;Pruszków, Mazowieckie;52.163;20.809;65461;;False
420;Przasnysz;Mazowieckie;Przasnysz, Mazowieckie;53.019;20.88;16357;;False
421;Przysucha;Mazowieckie;Przysucha, Mazowieckie;51.359;20.628;5293;;False
422;Pułtusk;Mazowieckie;Pułtusk, Mazowieckie;52.697;21.085;19064;;False
423;Raciąż;Mazowieckie;Raciąż, Mazowieckie;52.782;20.118;3966;;False
424;Radom;Mazowieckie;Radom, Mazowieckie;51.401;21.158;196005;;False
425;Radzymin;Mazowieckie;Radzymin, Mazowieckie;52.418;21.18;14962;;False
426;Różan;Mazowieckie;Różan, Mazowieckie;52.887;21.391;2616;;False
427;Sanniki;Mazowieckie;Sanniki, Mazowieckie;52.332;19.862;1721;;False
428;Serock;Mazowieckie;Serock, Mazowieckie;52.51;21.069;5277;;False
429;Siedlce;Mazowieckie;Siedlce, Mazowieckie;52.168;22.282;75297;;False
430;Sierpc;Mazowieckie;Sierpc, Mazowieckie;52.857;19.669;16941;;False
431;Skaryszew;Mazowieckie;Skaryszew, Mazowieckie;51.311;21.252;4456;;False
432;Sochaczew;Mazowieckie;Sochaczew, Mazowieckie;52.23;20.238;33456;;False
433;Sochocin;Mazowieckie;Sochocin, Mazowieckie;52.69;20.474;1925;;False
434;Sokołów Podlaski;Mazowieckie;Sokołów Podlaski, Mazowieckie;52.407;22.253;18361;;False
435;Solec nad Wisłą;Mazowieckie;Solec nad Wisłą, Mazowieckie;51.135;21.767;933;;False
436;Sulejówek;Mazowieckie;Sulejówek, Mazowieckie;52.252;21.269;21428;;False
437;Szydłowiec;Mazowieckie;Szydłowiec, Mazowieckie;51.228;20.861;10556;;False
438;Tarczyn;Mazowieckie;Tarczyn, Mazowieckie;51.981;20.833;4343;;False
439;Tłuszcz;Mazowieckie;Tłuszcz, Mazowieckie;52.427;21.427;8032;;False
440;Warka;Mazowieckie;Warka, Mazowieckie;51.783;21.188;11889;;False
441;Warszawa;Mazowieckie;Warszawa, Mazowieckie;52.238;21.018;1861599;Warsaw;True
442;Węgrów;Mazowieckie;Węgrów, Mazowieckie;52.399;22.017;11844;;False
443;Wiskitki;Mazowieckie;Wiskitki, Mazowieckie;52.086;20.384;1442;;False
444;Wołomin;Mazowieckie;Wołomin, Mazowieckie;52.345;21.246;35620;;False
445;Wyśmierzyce;Mazowieckie;Wyśmierzyce, Mazowieckie;51.624;20.814;877;;False
446;Wyszków;Mazowieckie;Wyszków, Mazowieckie;52.595;21.457;26019;;False
447;Wyszogród;Mazowieckie;Wyszogród, Mazowieckie;52.392;20.19;2400;;False
448;Ząbki;Mazowieckie;Ząbki, Mazowieckie;52.291;21.112;45347;;False
449;Zakroczym;Mazowieckie;Zakroczym, Mazowieckie;52.438;20.612;3129;;False
450;Żelechów;Mazowieckie;Żelechów, Mazowieckie;51.811;21.896;3719;;False
451;Zielonka;Mazowieckie;Zielonka, Mazowieckie;52.303;21.161;18143;;False
452;Żuromin;Mazowieckie;Żuromin, Mazowieckie;53.067;19.907;8437;;False
453;Zwoleń;Mazowieckie;Zwoleń, Mazowieckie;51.355;21.588;7162;;False
454;Żyrardów;Mazowieckie;Żyrardów, Mazowieckie;52.056;20.439;38594;;False
455;Baborów;Opolskie;Baborów, Opolskie;50.156;17.987;2823;;False
456;Biała;Opolskie;Biała, Opolskie;50.386;17.664;2256;Biała Prudnicka;False
457;Brzeg;Opolskie;Brzeg, Opolskie;50.86;17.47;33403;;False
458;Byczyna;Opolskie;Byczyna, Opolskie;51.113;18.212;3353;;False
459;Dobrodzień;Opolskie;Dobrodzień, Opolskie;50.729;18.445;3447;;False
460;Głogówek;Opolskie;Głogówek, Opolskie;50.353;17.865;5445;;False
461;Głubczyce;Opolskie;Głubczyce, Opolskie;50.201;17.83;11651;;False
462;Głuchołazy;Opolskie;Głuchołazy, Opolskie;50.315;17.384;12621;;False
463;Gogolin;Opolskie;Gogolin, Opolskie;50.492;18.02;6418;;False
464;Gorzów Śląski;Opolskie;Gorzów Śląski, Opolskie;51.028;18.422;2420;;False
465;Grodków;Opolskie;Grodków, Opolskie;50.7;17.385;7902;;False
466;Kędzierzyn-Koźle;Opolskie;Kędzierzyn-Koźle, Opolskie;50.344;18.211;54387;;False
467;Kietrz;Opolskie;Kietrz, Opolskie;50.085;18.004;5447;;False
468;Kluczbork;Opolskie;Kluczbork, Opolskie;50.973;18.218;22033;;False
469;Kolonowskie;Opolskie;Kolonowskie, Opolskie;50.653;18.386;3207;;False
470;Korfantów;Opolskie;Korfantów, Opolskie;50.489;17.599;1689;;False
471;Krapkowice;Opolskie;Krapkowice, Opolskie;50.475;17.965;15282;;False
472;Leśnica;Opolskie;Leśnica, Opolskie;50.431;18.187;2546;;False
473;Lewin Brzeski;Opolskie;Lewin Brzeski, Opolskie;50.751;17.62;5585;;False
474;Namysłów;Opolskie;Namysłów, Opolskie;51.074;17.722;16818;;False
475;Niemodlin;Opolskie;Niemodlin, Opolskie;50.639;17.627;5853;;False
476;Nysa;Opolskie;Nysa, Opolskie;50.474;17.334;40685;;False
477;Olesno;Opolskie;Olesno, Opolskie;50.875;18.415;9047;;False
478;Opole;Opolskie;Opole, Opolskie;50.668;17.929;126077;;True
479;Otmuchów;Opolskie;Otmuchów, Opolskie;50.466;17.173;6179;;False
480;Ozimek;Opolskie;Ozimek, Opolskie;50.677;18.214;7962;;False
481;Paczków;Opolskie;Paczków, Opolskie;50.463;17.004;6607;;False
482;Praszka;Opolskie;Praszka, Opolskie;51.055;18.45;7110;;False
483;Prószków;Opolskie;Prószków, Opolskie;50.577;17.871;2552;;False
484;Prudnik;Opolskie;Prudnik, Opolskie;50.322;17.574;18974;;False
485;Strzelce Opolskie;Opolskie;Strzelce Opolskie, Opolskie;50.511;18.303;16975;;False
486;Tułowice;Opolskie;Tułowice, Opolskie;50.595;17.653;3622;;False
487;Ujazd;Opolskie;Ujazd, Opolskie;50.389;18.353;1818;;False
488;Wołczyn;Opolskie;Wołczyn, Opolskie;51.018;18.052;5320;;False
489;Zawadzkie;Opolskie;Zawadzkie, Opolskie;50.612;18.473;6358;;False
490;Zdzieszowice;Opolskie;Zdzieszowice, Opolskie;50.424;18.127;10157;;False
491;Baranów Sandomierski;Podkarpackie;Baranów Sandomierski, Podkarpackie;50.494;21.545;1395;;False
492;Błażowa;Podkarpackie;Błażowa, Podkarpackie;49.886;22.101;2096;;False
493;Boguchwała;Podkarpackie;Boguchwała, Podkarpackie;49.985;21.944;6291;;False
494;Brzostek;Podkarpackie;Brzostek, Podkarpackie;49.879;21.412;2688;;False
495;Brzozów;Podkarpackie;Brzozów, Podkarpackie;49.694;22.018;7158;;False
496;Cieszanów;Podkarpackie;Cieszanów, Podkarpackie;50.245;23.131;1815;;False
497;Dębica;Podkarpackie;Dębica, Podkarpackie;50.051;21.41;42986;;False
498;Dubiecko;Podkarpackie;Dubiecko, Podkarpackie;49.827;22.392;801;;False
499;Dukla;Podkarpackie;Dukla, Podkarpackie;49.556;21.683;1971;;False
500;Dynów;Podkarpackie;Dynów, Podkarpackie;49.815;22.234;5997;;False
501;Głogów Małopolski;Podkarpackie;Głogów Małopolski, Podkarpackie;50.151;21.968;10583;;False
502;Iwonicz-Zdrój;Podkarpackie;Iwonicz-Zdrój, Podkarpackie;49.567;21.793;1540;;False
503;Jarosław;Podkarpackie;Jarosław, Podkarpackie;50.018;22.683;35298;;False
504;Jasło;Podkarpackie;Jasło, Podkarpackie;49.747;21.473;32727;;False
505;Jedlicze;Podkarpackie;Jedlicze, Podkarpackie;49.719;21.653;5530;;False
506;Kańczuga;Podkarpackie;Kańczuga, Podkarpackie;49.984;22.412;2900;;False
507;Kołaczyce;Podkarpackie;Kołaczyce, Podkarpackie;49.807;21.433;1359;;False
508;Kolbuszowa;Podkarpackie;Kolbuszowa, Podkarpackie;50.244;21.776;8495;;False
509;Krosno;Podkarpackie;Krosno, Podkarpackie;49.694;21.765;44060;;False
510;Łańcut;Podkarpackie;Łańcut, Podkarpackie;50.069;22.232;17703;;False
511;Lesko;Podkarpackie;Lesko, Podkarpackie;49.474;22.325;5098;;False
512;Leżajsk;Podkarpackie;Leżajsk, Podkarpackie;50.263;22.419;12697;;False
513;Lubaczów;Podkarpackie;Lubaczów, Podkarpackie;50.155;23.121;11313;;False
514;Mielec;Podkarpackie;Mielec, Podkarpackie;50.287;21.422;56972;;False
515;Narol;Podkarpackie;Narol, Podkarpackie;50.349;23.327;1979;;False
516;Nisko;Podkarpackie;Nisko, Podkarpackie;50.52;22.14;14477;;False
517;Nowa Dęba;Podkarpackie;Nowa Dęba, Podkarpackie;50.429;21.751;10381;;False
518;Nowa Sarzyna;Podkarpackie;Nowa Sarzyna, Podkarpackie;50.324;22.332;5357;;False
519;Oleszyce;Podkarpackie;Oleszyce, Podkarpackie;50.168;23.036;2816;;False
520;Pilzno;Podkarpackie;Pilzno, Podkarpackie;49.98;21.295;4994;;False
521;Pruchnik;Podkarpackie;Pruchnik, Podkarpackie;49.906;22.516;3625;;False
522;Przecław;Podkarpackie;Przecław, Podkarpackie;50.193;21.479;1820;;False
523;Przemyśl;Podkarpackie;Przemyśl, Podkarpackie;49.782;22.773;56050;;False
524;Przeworsk;Podkarpackie;Przeworsk, Podkarpackie;50.059;22.495;14523;;False
525;Radomyśl Wielki;Podkarpackie;Radomyśl Wielki, Podkarpackie;50.196;21.278;3409;;False
526;Radymno;Podkarpackie;Radymno, Podkarpackie;49.947;22.823;4935;;False
527;Ropczyce;Podkarpackie;Ropczyce, Podkarpackie;50.052;21.609;15794;;False
528;Rudnik nad Sanem;Podkarpackie;Rudnik nad Sanem, Podkarpackie;50.444;22.245;6375;;False
529;Rymanów;Podkarpackie;Rymanów, Podkarpackie;49.575;21.868;3545;;False
530;Rzeszów;Podkarpackie;Rzeszów, Podkarpackie;50.038;22.005;197268;;True
531;Sanok;Podkarpackie;Sanok, Podkarpackie;49.558;22.202;34345;;False
532;Sędziszów Małopolski;Podkarpackie;Sędziszów Małopolski, Podkarpackie;50.071;21.703;12368;;False
533;Sieniawa;Podkarpackie;Sieniawa, Podkarpackie;50.176;22.608;2007;;False
534;Sokołów Małopolski;Podkarpackie;Sokołów Małopolski, Podkarpackie;50.229;22.119;4346;;False
535;Stalowa Wola;Podkarpackie;Stalowa Wola, Podkarpackie;50.576;22.061;55127;;False
536;Strzyżów;Podkarpackie;Strzyżów, Podkarpackie;49.871;21.795;8402;;False
537;Tarnobrzeg;Podkarpackie;Tarnobrzeg, Podkarpackie;50.574;21.672;43712;;False
538;Tyczyn;Podkarpackie;Tyczyn, Podkarpackie;49.964;22.034;4562;;False
539;Ulanów;Podkarpackie;Ulanów, Podkarpackie;50.491;22.269;1368;;False
540;Ustrzyki Dolne;Podkarpackie;Ustrzyki Dolne, Podkarpackie;49.43;22.594;8410;;False
541;Zagórz;Podkarpackie;Zagórz, Podkarpackie;49.514;22.267;4913;;False
542;Zaklików;Podkarpackie;Zaklików, Podkarpackie;50.756;22.102;2780;;False
543;Augustów;Podlaskie;Augustów, Podlaskie;53.844;22.979;28995;;False
544;Białystok;Podlaskie;Białystok, Podlaskie;53.131;23.169;291688;;True
545;Bielsk Podlaski;Podlaskie;Bielsk Podlaski, Podlaskie;52.768;23.191;23823;;False
546;Brańsk;Podlaskie;Brańsk, Podlaskie;52.742;22.839;3494;;False
547;Choroszcz;Podlaskie;Choroszcz, Podlaskie;53.143;22.986;6089;;False
548;Ciechanowiec;Podlaskie;Ciechanowiec, Podlaskie;52.678;22.498;4372;;False
549;Czarna Białostocka;Podlaskie;Czarna Białostocka, Podlaskie;53.306;23.283;8579;;False
550;Czyżew;Podlaskie;Czyżew, Podlaskie;52.797;22.312;2480;;False
551;Dąbrowa Białostocka;Podlaskie;Dąbrowa Białostocka, Podlaskie;53.653;23.348;5008;;False
552;Drohiczyn;Podlaskie;Drohiczyn, Podlaskie;52.4;22.659;1747;;False
553;Goniądz;Podlaskie;Goniądz, Podlaskie;53.489;22.734;1717;;False
554;Grajewo;Podlaskie;Grajewo, Podlaskie;53.649;22.455;20899;;False
555;Hajnówka;Podlaskie;Hajnówka, Podlaskie;52.738;23.589;18976;;False
556;Jedwabne;Podlaskie;Jedwabne, Podlaskie;53.285;22.3;1676;;False
557;Kleszczele;Podlaskie;Kleszczele, Podlaskie;52.572;23.325;1049;;False
558;Knyszyn;Podlaskie;Knyszyn, Podlaskie;53.313;22.92;2643;;False
559;Kolno;Podlaskie;Kolno, Podlaskie;53.408;21.933;9839;;False
560;Krynki;Podlaskie;Krynki, Podlaskie;53.265;23.772;2132;;False
561;Łapy;Podlaskie;Łapy, Podlaskie;52.991;22.884;14436;;False
562;Lipsk;Podlaskie;Lipsk, Podlaskie;53.737;23.392;2052;;False
563;Łomża;Podlaskie;Łomża, Podlaskie;53.179;22.081;59711;;False
564;Michałowo;Podlaskie;Michałowo, Podlaskie;53.037;23.604;2753;;False
565;Mońki;Podlaskie;Mońki, Podlaskie;53.405;22.797;9449;;False
566;Nowogród;Podlaskie;Nowogród, Podlaskie;53.226;21.883;2087;;False
567;Rajgród;Podlaskie;Rajgród, Podlaskie;53.731;22.704;1388;;False
568;Sejny;Podlaskie;Sejny, Podlaskie;54.108;23.347;4889;;False
569;Siemiatycze;Podlaskie;Siemiatycze, Podlaskie;52.427;22.864;13391;;False
570;Sokółka;Podlaskie;Sokółka, Podlaskie;53.406;23.503;17087;;False
571;Stawiski;Podlaskie;Stawiski, Podlaskie;53.38;22.155;2003;;False
572;Suchowola;Podlaskie;Suchowola, Podlaskie;53.577;23.105;2034;;False
573;Supraśl;Podlaskie;Supraśl, Podlaskie;53.205;23.339;4332;;False
574;Suraż;Podlaskie;Suraż, Podlaskie;52.95;22.957;965;;False
575;Suwałki;Podlaskie;Suwałki, Podlaskie;54.104;22.935;68231;;False
576;Szczuczyn;Podlaskie;Szczuczyn, Podlaskie;53.563;22.286;3139;;False
577;Szepietowo;Podlaskie;Szepietowo, Podlaskie;52.87;22.544;2018;;False
578;Tykocin;Podlaskie;Tykocin, Podlaskie;53.207;22.774;1844;;False
579;Wasilków;Podlaskie;Wasilków, Podlaskie;53.199;23.208;12768;;False
580;Wysokie Mazowieckie;Podlaskie;Wysokie Mazowieckie, Podlaskie;52.915;22.51;9017;;False
581;Zabłudów;Podlaskie;Zabłudów, Podlaskie;53.015;23.339;2485;;False
582;Zambrów;Podlaskie;Zambrów, Podlaskie;52.985;22.241;20848;;False
583;Brusy;Pomorskie;Brusy, Pomorskie;53.887;17.719;5063;;False
584;Bytów;Pomorskie;Bytów, Pomorskie;54.171;17.492;16339;;False
585;Chojnice;Pomorskie;Chojnice, Pomorskie;53.695;17.561;38729;;False
586;Czarna Woda;Pomorskie;Czarna Woda, Pomorskie;53.845;18.1;2644;;False
587;Czarne;Pomorskie;Czarne, Pomorskie;53.684;16.938;5572;;False
588;Czersk;Pomorskie;Czersk, Pomorskie;53.795;17.976;9852;;False
589;Człuchów;Pomorskie;Człuchów, Pomorskie;53.667;17.359;13031;;False
590;Debrzno;Pomorskie;Debrzno, Pomorskie;53.538;17.236;4834;;False
591;Dzierzgoń;Pomorskie;Dzierzgoń, Pomorskie;53.921;19.347;4893;;False
592;Gdańsk;Pomorskie;Gdańsk, Pomorskie;54.35;18.653;487371;;True
593;Gdynia;Pomorskie;Gdynia, Pomorskie;54.523;18.543;241189;;False
594;Gniew;Pomorskie;Gniew, Pomorskie;53.837;18.821;6149;;False
595;Hel;Pomorskie;Hel, Pomorskie;54.608;18.801;2786;;False
596;Jastarnia;Pomorskie;Jastarnia, Pomorskie;54.696;18.679;2604;;False
597;Kartuzy;Pomorskie;Kartuzy, Pomorskie;54.334;18.198;13796;;False
598;Kępice;Pomorskie;Kępice, Pomorskie;54.242;16.89;3283;;False
599;Kościerzyna;Pomorskie;Kościerzyna, Pomorskie;54.123;17.978;23296;;False
600;Krynica Morska;Pomorskie;Krynica Morska, Pomorskie;54.38;19.444;1165;;False
601;Kwidzyn;Pomorskie;Kwidzyn, Pomorskie;53.73;18.929;36854;;False
602;Łeba;Pomorskie;Łeba, Pomorskie;54.76;17.556;3024;;False
603;Lębork;Pomorskie;Lębork, Pomorskie;54.544;17.75;34000;;False
604;Malbork;Pomorskie;Malbork, Pomorskie;54.034;19.028;36709;;False
605;Miastko;Pomorskie;Miastko, Pomorskie;54.003;16.982;9395;;False
606;Nowy Dwór Gdański;Pomorskie;Nowy Dwór Gdański, Pomorskie;54.208;19.117;9471;;False
607;Nowy Staw;Pomorskie;Nowy Staw, Pomorskie;54.135;19.003;4001;;False
608;Pelplin;Pomorskie;Pelplin, Pomorskie;53.928;18.698;7124;;False
609;Prabuty;Pomorskie;Prabuty, Pomorskie;53.756;19.205;8091;;False
610;Pruszcz Gdański;Pomorskie;Pruszcz Gdański, Pomorskie;54.261;18.638;32171;;False
611;Puck;Pomorskie;Puck, Pomorskie;54.718;18.409;10463;;False
612;Reda;Pomorskie;Reda, Pomorskie;54.602;18.353;28704;;False
613;Rumia;Pomorskie;Rumia, Pomorskie;54.569;18.391;53316;;False
614;Skarszewy;Pomorskie;Skarszewy, Pomorskie;54.069;18.446;6598;;False
615;Skórcz;Pomorskie;Skórcz, Pomorskie;53.794;18.525;3439;;False
616;Słupsk;Pomorskie;Słupsk, Pomorskie;54.466;17.031;85504;;False
617;Sopot;Pomorskie;Sopot, Pomorskie;54.445;18.568;31903;;False
618;Starogard Gdański;Pomorskie;Starogard Gdański, Pomorskie;53.967;18.532;45295;;False
619;Sztum;Pomorskie;Sztum, Pomorskie;53.921;19.03;9104;;False
620;Tczew;Pomorskie;Tczew, Pomorskie;54.087;18.8;56936;;False
621;Ustka;Pomorskie;Ustka, Pomorskie;54.581;16.862;13722;;False
622;Wejherowo;Pomorskie;Wejherowo, Pomorskie;54.602;18.239;46097;;False
623;Władysławowo;Pomorskie;Władysławowo, Pomorskie;54.791;18.403;9235;;False
624;Żukowo;Pomorskie;Żukowo, Pomorskie;54.342;18.365;6709;;False
625;Będzin;Śląskie;Będzin, Śląskie;50.322;19.131;53848;;False
626;Bielsko-Biała;Śląskie;Bielsko-Biała, Śląskie;49.823;19.051;165766;;False
627;Bieruń;Śląskie;Bieruń, Śląskie;50.093;19.092;18835;;False
628;Blachownia;Śląskie;Blachownia, Śląskie;50.776;18.974;9041;;False
629;Bytom;Śląskie;Bytom, Śląskie;50.347;18.924;147759;;False
630;Chorzów;Śląskie;Chorzów, Śląskie;50.297;18.951;100593;;False
631;Cieszyn;Śląskie;Cieszyn, Śląskie;49.749;18.633;32947;;False
632;Czechowice-Dziedzice;Śląskie;Czechowice-Dziedzice, Śląskie;49.911;19.008;34783;;False
633;Czeladź;Śląskie;Czeladź, Śląskie;50.319;19.071;29876;;False
634;Czerwionka-Leszczyny;Śląskie;Czerwionka-Leszczyny, Śląskie;50.149;18.677;26522;;False
635;Częstochowa;Śląskie;Częstochowa, Śląskie;50.812;19.128;205969;;False
636;Dąbrowa Górnicza;Śląskie;Dąbrowa Górnicza, Śląskie;50.323;19.184;113460;;False
637;Gliwice;Śląskie;Gliwice, Śląskie;50.294;18.666;169915;;False
638;Imielin;Śląskie;Imielin, Śląskie;50.145;19.186;9398;;False
639;Jastrzębie-Zdrój;Śląskie;Jastrzębie-Zdrój, Śląskie;49.955;18.577;82301;;False
640;Jaworzno;Śląskie;Jaworzno, Śląskie;50.203;19.276;86812;;False
641;Kalety;Śląskie;Kalety, Śląskie;50.562;18.893;8170;;False
642;Katowice;Śląskie;Katowice, Śląskie;50.26;19.013;279190;;True
643;Kłobuck;Śląskie;Kłobuck, Śląskie;50.901;18.937;12220;;False
644;Knurów;Śląskie;Knurów, Śląskie;50.222;18.671;35619;;False
645;Koniecpol;Śląskie;Koniecpol, Śląskie;50.774;19.689;5355;;False
646;Koziegłowy;Śląskie;Koziegłowy, Śląskie;50.6;19.163;2382;;False
647;Krzanowice;Śląskie;Krzanowice, Śląskie;50.018;18.125;2000;;False
648;Krzepice;Śląskie;Krzepice, Śląskie;50.97;18.729;4101;;False
649;Kuźnia Raciborska;Śląskie;Kuźnia Raciborska, Śląskie;50.2;18.311;4598;;False
650;Łaziska Górne;Śląskie;Łaziska Górne, Śląskie;50.15;18.845;21116;;False
651;Łazy;Śląskie;Łazy, Śląskie;50.427;19.395;6378;;False
652;Lędziny;Śląskie;Lędziny, Śląskie;50.143;19.131;16333;;False
653;Lubliniec;Śląskie;Lubliniec, Śląskie;50.669;18.683;23347;;False
654;Miasteczko Śląskie;Śląskie;Miasteczko Śląskie, Śląskie;50.502;18.939;6961;;False
655;Mikołów;Śląskie;Mikołów, Śląskie;50.169;18.905;41618;;False
656;Mysłowice;Śląskie;Mysłowice, Śląskie;50.241;19.141;71280;;False
657;Myszków;Śląskie;Myszków, Śląskie;50.573;19.318;29379;;False
658;Ogrodzieniec;Śląskie;Ogrodzieniec, Śląskie;50.452;19.521;4110;;False
659;Olsztyn;Śląskie;Olsztyn, Śląskie;50.751;19.267;2492;;False
660;Orzesze;Śląskie;Orzesze, Śląskie;50.112;18.793;21986;;False
661;Piekary Śląskie;Śląskie;Piekary Śląskie, Śląskie;50.378;18.945;51707;;False
662;Pilica;Śląskie;Pilica, Śląskie;50.468;19.657;1761;;False
663;Poręba;Śląskie;Poręba, Śląskie;50.488;19.339;8104;;False
664;Pszczyna;Śląskie;Pszczyna, Śląskie;49.978;18.943;25031;;False
665;Pszów;Śląskie;Pszów, Śląskie;50.04;18.394;13007;;False
666;Pyskowice;Śląskie;Pyskowice, Śląskie;50.398;18.627;17236;;False
667;Racibórz;Śląskie;Racibórz, Śląskie;50.092;18.22;49650;;False
668;Radlin;Śląskie;Radlin, Śląskie;50.049;18.477;16829;;False
669;Radzionków;Śląskie;Radzionków, Śląskie;50.4;18.902;16034;;False
670;Ruda Śląska;Śląskie;Ruda Śląska, Śląskie;50.273;18.864;130302;;False
671;Rybnik;Śląskie;Rybnik, Śląskie;50.096;18.542;130887;;False
672;Rydułtowy;Śląskie;Rydułtowy, Śląskie;50.058;18.417;20168;;False
673;Siemianowice Śląskie;Śląskie;Siemianowice Śląskie, Śląskie;50.302;19.033;63401;;False
674;Siewierz;Śląskie;Siewierz, Śląskie;50.467;19.23;5730;;False
675;Skoczów;Śląskie;Skoczów, Śląskie;49.803;18.791;13423;;False
676;Sławków;Śląskie;Sławków, Śląskie;50.305;19.388;6842;;False
677;Sośnicowice;Śląskie;Sośnicowice, Śląskie;50.272;18.53;1958;;False
678;Sosnowiec;Śląskie;Sosnowiec, Śląskie;50.275;19.128;187115;;False
679;Strumień;Śląskie;Strumień, Śląskie;49.916;18.76;3558;;False
680;Świętochłowice;Śląskie;Świętochłowice, Śląskie;50.291;18.916;45434;;False
681;Szczekociny;Śląskie;Szczekociny, Śląskie;50.627;19.826;3329;;False
682;Szczyrk;Śląskie;Szczyrk, Śląskie;49.715;19.024;5283;;False
683;Tarnowskie Góry;Śląskie;Tarnowskie Góry, Śląskie;50.444;18.856;61321;;False
684;Toszek;Śląskie;Toszek, Śląskie;50.454;18.522;3489;;False
685;Tychy;Śląskie;Tychy, Śląskie;50.108;19.002;122045;;False
686;Ustroń;Śląskie;Ustroń, Śląskie;49.72;18.812;15853;;False
687;Wilamowice;Śląskie;Wilamowice, Śląskie;49.914;19.152;3167;;False
688;Wisła;Śląskie;Wisła, Śląskie;49.647;18.868;10637;;False
689;Włodowice;Śląskie;Włodowice, Śląskie;50.553;19.45;1152;;False
690;Wodzisław Śląski;Śląskie;Wodzisław Śląski, Śląskie;50.003;18.463;44833;;False
691;Wojkowice;Śląskie;Wojkowice, Śląskie;50.365;19.037;8477;;False
692;Woźniki;Śląskie;Woźniki, Śląskie;50.625;19.065;4121;;False
693;Zabrze;Śląskie;Zabrze, Śląskie;50.302;18.785;153838;;False
694;Żarki;Śląskie;Żarki, Śląskie;50.624;19.364;4325;;False
695;Zawiercie;Śląskie;Zawiercie, Śląskie;50.486;19.417;46106;;False
696;Żory;Śląskie;Żory, Śląskie;50.045;18.694;61774;;False
697;Żywiec;Śląskie;Żywiec, Śląskie;49.689;19.203;29732;;False
698;Bodzentyn;Świętokrzyskie;Bodzentyn, Świętokrzyskie;50.94;20.957;2091;;False
699;Busko-Zdrój;Świętokrzyskie;Busko-Zdrój, Świętokrzyskie;50.47;20.719;14365;;False
700;Chęciny;Świętokrzyskie;Chęciny, Świętokrzyskie;50.801;20.461;4316;;False
701;Chmielnik;Świętokrzyskie;Chmielnik, Świętokrzyskie;50.614;20.752;3434;;False
702;Ćmielów;Świętokrzyskie;Ćmielów, Świętokrzyskie;50.89;21.516;2788;;False
703;Daleszyce;Świętokrzyskie;Daleszyce, Świętokrzyskie;50.803;20.81;2750;;False
704;Działoszyce;Świętokrzyskie;Działoszyce, Świętokrzyskie;50.365;20.352;847;;False
705;Iwaniska;Świętokrzyskie;Iwaniska, Świętokrzyskie;50.731;21.278;1215;;False
706;Jędrzejów;Świętokrzyskie;Jędrzejów, Świętokrzyskie;50.639;20.304;14029;;False
707;Kazimierza Wielka;Świętokrzyskie;Kazimierza Wielka, Świętokrzyskie;50.265;20.494;4995;;False
708;Kielce;Świętokrzyskie;Kielce, Świętokrzyskie;50.872;20.632;182295;;True
709;Klimontów;Świętokrzyskie;Klimontów, Świętokrzyskie;50.657;21.447;1758;;False
710;Końskie;Świętokrzyskie;Końskie, Świętokrzyskie;51.191;20.407;17384;;False
711;Koprzywnica;Świętokrzyskie;Koprzywnica, Świętokrzyskie;50.592;21.584;2368;;False
712;Kunów;Świętokrzyskie;Kunów, Świętokrzyskie;50.961;21.28;2699;;False
713;Łagów;Świętokrzyskie;Łagów, Świętokrzyskie;50.775;21.084;1521;;False
714;Łopuszno;Świętokrzyskie;Łopuszno, Świętokrzyskie;50.949;20.251;1445;;False
715;Małogoszcz;Świętokrzyskie;Małogoszcz, Świętokrzyskie;50.812;20.265;3356;;False
716;Morawica;Świętokrzyskie;Morawica, Świętokrzyskie;50.747;20.618;1768;;False
717;Nowa Słupia;Świętokrzyskie;Nowa Słupia, Świętokrzyskie;50.863;21.088;1288;;False
718;Nowy Korczyn;Świętokrzyskie;Nowy Korczyn, Świętokrzyskie;50.3;20.808;899;;False
719;Oleśnica;Świętokrzyskie;Oleśnica, Świętokrzyskie;50.453;21.064;1710;;False
720;Opatów;Świętokrzyskie;Opatów, Świętokrzyskie;50.801;21.427;5937;;False
721;Opatowiec;Świętokrzyskie;Opatowiec, Świętokrzyskie;50.244;20.724;308;;False
722;Osiek;Świętokrzyskie;Osiek, Świętokrzyskie;50.52;21.442;1970;;False
723;Ostrowiec Świętokrzyski;Świętokrzyskie;Ostrowiec Świętokrzyski, Świętokrzyskie;50.94;21.388;62093;;False
724;Ożarów;Świętokrzyskie;Ożarów, Świętokrzyskie;50.885;21.665;4203;;False
725;Pacanów;Świętokrzyskie;Pacanów, Świętokrzyskie;50.4;21.041;1033;;False
726;Piekoszów;Świętokrzyskie;Piekoszów, Świętokrzyskie;50.882;20.463;2948;;False
727;Pierzchnica;Świętokrzyskie;Pierzchnica, Świętokrzyskie;50.697;20.754;1269;;False
728;Pińczów;Świętokrzyskie;Pińczów, Świętokrzyskie;50.52;20.526;9721;;False
729;Połaniec;Świętokrzyskie;Połaniec, Świętokrzyskie;50.432;21.281;7453;;False
730;Radoszyce;Świętokrzyskie;Radoszyce, Świętokrzyskie;51.074;20.255;2831;;False
731;Sandomierz;Świętokrzyskie;Sandomierz, Świętokrzyskie;50.68;21.749;21273;;False
732;Sędziszów;Świętokrzyskie;Sędziszów, Świętokrzyskie;50.572;20.072;6108;;False
733;Skalbmierz;Świętokrzyskie;Skalbmierz, Świętokrzyskie;50.32;20.399;1187;;False
734;Skarżysko-Kamienna;Świętokrzyskie;Skarżysko-Kamienna, Świętokrzyskie;51.12;20.882;41224;;False
735;Stąporków;Świętokrzyskie;Stąporków, Świętokrzyskie;51.137;20.572;5091;;False
736;Starachowice;Świętokrzyskie;Starachowice, Świętokrzyskie;51.041;21.084;44416;;False
737;Staszów;Świętokrzyskie;Staszów, Świętokrzyskie;50.564;21.173;13596;;False
738;Stopnica;Świętokrzyskie;Stopnica, Świętokrzyskie;50.44;20.938;1124;;False
739;Suchedniów;Świętokrzyskie;Suchedniów, Świętokrzyskie;51.048;20.829;7452;;False
740;Szydłów;Świętokrzyskie;Szydłów, Świętokrzyskie;50.591;21.007;967;;False
741;Wąchock;Świętokrzyskie;Wąchock, Świętokrzyskie;51.074;21.01;2466;;False
742;Wiślica;Świętokrzyskie;Wiślica, Świętokrzyskie;50.349;20.674;444;;False
743;Włoszczowa;Świętokrzyskie;Włoszczowa, Świętokrzyskie;50.851;19.973;9520;;False
744;Wodzisław;Świętokrzyskie;Wodzisław, Świętokrzyskie;50.52;20.191;961;;False
745;Zawichost;Świętokrzyskie;Zawichost, Świętokrzyskie;50.808;21.846;1596;;False
746;Barczewo;Warmińsko-Mazurskie;Barczewo, Warmińsko-Mazurskie;53.829;20.69;7377;;False
747;Bartoszyce;Warmińsko-Mazurskie;Bartoszyce, Warmińsko-Mazurskie;54.251;20.812;21314;;False
748;Biała Piska;Warmińsko-Mazurskie;Biała Piska, Warmińsko-Mazurskie;53.612;22.063;3673;;False
749;Biskupiec;Warmińsko-Mazurskie;Biskupiec, Warmińsko-Mazurskie;53.863;20.955;9924;;False
750;Bisztynek;Warmińsko-Mazurskie;Bisztynek, Warmińsko-Mazurskie;54.086;20.905;2156;;False
751;Braniewo;Warmińsko-Mazurskie;Braniewo, Warmińsko-Mazurskie;54.38;19.82;16015;;False
752;Dobre Miasto;Warmińsko-Mazurskie;Dobre Miasto, Warmińsko-Mazurskie;53.987;20.397;9255;;False
753;Działdowo;Warmińsko-Mazurskie;Działdowo, Warmińsko-Mazurskie;53.236;20.179;20125;;False
754;Elbląg;Warmińsko-Mazurskie;Elbląg, Warmińsko-Mazurskie;54.162;19.408;112923;;False
755;Ełk;Warmińsko-Mazurskie;Ełk, Warmińsko-Mazurskie;53.825;22.351;59759;;False
756;Frombork;Warmińsko-Mazurskie;Frombork, Warmińsko-Mazurskie;54.357;19.679;2029;;False
757;Giżycko;Warmińsko-Mazurskie;Giżycko, Warmińsko-Mazurskie;54.037;21.767;27310;;False
758;Gołdap;Warmińsko-Mazurskie;Gołdap, Warmińsko-Mazurskie;54.307;22.303;13184;;False
759;Górowo Iławeckie;Warmińsko-Mazurskie;Górowo Iławeckie, Warmińsko-Mazurskie;54.286;20.491;3627;;False
760;Iława;Warmińsko-Mazurskie;Iława, Warmińsko-Mazurskie;53.596;19.567;32188;;False
761;Jeziorany;Warmińsko-Mazurskie;Jeziorany, Warmińsko-Mazurskie;53.979;20.747;2943;;False
762;Kętrzyn;Warmińsko-Mazurskie;Kętrzyn, Warmińsko-Mazurskie;54.077;21.373;25113;;False
763;Kisielice;Warmińsko-Mazurskie;Kisielice, Warmińsko-Mazurskie;53.608;19.267;2005;;False
764;Korsze;Warmińsko-Mazurskie;Korsze, Warmińsko-Mazurskie;54.17;21.139;3934;;False
765;Lidzbark;Warmińsko-Mazurskie;Lidzbark, Warmińsko-Mazurskie;53.262;19.823;7182;;False
766;Lidzbark Warmiński;Warmińsko-Mazurskie;Lidzbark Warmiński, Warmińsko-Mazurskie;54.125;20.586;14459;;False
767;Lubawa;Warmińsko-Mazurskie;Lubawa, Warmińsko-Mazurskie;53.503;19.75;10633;;False
768;Mikołajki;Warmińsko-Mazurskie;Mikołajki, Warmińsko-Mazurskie;53.803;21.571;3361;;False
769;Miłakowo;Warmińsko-Mazurskie;Miłakowo, Warmińsko-Mazurskie;54.009;20.07;2399;;False
770;Miłomłyn;Warmińsko-Mazurskie;Miłomłyn, Warmińsko-Mazurskie;53.764;19.835;2410;;False
771;Młynary;Warmińsko-Mazurskie;Młynary, Warmińsko-Mazurskie;54.189;19.725;1681;;False
772;Morąg;Warmińsko-Mazurskie;Morąg, Warmińsko-Mazurskie;53.916;19.928;12757;;False
773;Mrągowo;Warmińsko-Mazurskie;Mrągowo, Warmińsko-Mazurskie;53.863;21.307;20533;;False
774;Nidzica;Warmińsko-Mazurskie;Nidzica, Warmińsko-Mazurskie;53.361;20.427;12629;;False
775;Nowe Miasto Lubawskie;Warmińsko-Mazurskie;Nowe Miasto Lubawskie, Warmińsko-Mazurskie;53.423;19.591;10089;;False
776;Olecko;Warmińsko-Mazurskie;Olecko, Warmińsko-Mazurskie;54.034;22.507;15721;;False
777;Olsztyn;Warmińsko-Mazurskie;Olsztyn, Warmińsko-Mazurskie;53.777;20.476;167311;;True
778;Olsztynek;Warmińsko-Mazurskie;Olsztynek, Warmińsko-Mazurskie;53.584;20.284;7165;;False
779;Orneta;Warmińsko-Mazurskie;Orneta, Warmińsko-Mazurskie;54.115;20.13;8007;;False
780;Orzysz;Warmińsko-Mazurskie;Orzysz, Warmińsko-Mazurskie;53.81;21.949;5279;;False
781;Ostróda;Warmińsko-Mazurskie;Ostróda, Warmińsko-Mazurskie;53.7;19.964;31336;;False
782;Pasłęk;Warmińsko-Mazurskie;Pasłęk, Warmińsko-Mazurskie;54.062;19.664;11728;;False
783;Pasym;Warmińsko-Mazurskie;Pasym, Warmińsko-Mazurskie;53.65;20.792;2390;;False
784;Pieniężno;Warmińsko-Mazurskie;Pieniężno, Warmińsko-Mazurskie;54.235;20.127;2420;;False
785;Pisz;Warmińsko-Mazurskie;Pisz, Warmińsko-Mazurskie;53.629;21.809;17672;;False
786;Reszel;Warmińsko-Mazurskie;Reszel, Warmińsko-Mazurskie;54.05;21.147;4045;;False
787;Ruciane-Nida;Warmińsko-Mazurskie;Ruciane-Nida, Warmińsko-Mazurskie;53.642;21.54;4073;;False
788;Ryn;Warmińsko-Mazurskie;Ryn, Warmińsko-Mazurskie;53.938;21.546;2678;;False
789;Sępopol;Warmińsko-Mazurskie;Sępopol, Warmińsko-Mazurskie;54.269;21.014;1890;;False
790;Susz;Warmińsko-Mazurskie;Susz, Warmińsko-Mazurskie;53.717;19.336;5245;;False
791;Szczytno;Warmińsko-Mazurskie;Szczytno, Warmińsko-Mazurskie;53.565;20.993;21878;;False
792;Tolkmicko;Warmińsko-Mazurskie;Tolkmicko, Warmińsko-Mazurskie;54.32;19.528;2395;;False
793;Węgorzewo;Warmińsko-Mazurskie;Węgorzewo, Warmińsko-Mazurskie;54.209;21.744;10563;;False
794;Wielbark;Warmińsko-Mazurskie;Wielbark, Warmińsko-Mazurskie;53.399;20.951;2979;;False
795;Zalewo;Warmińsko-Mazurskie;Zalewo, Warmińsko-Mazurskie;53.846;19.604;2026;;False
796;Bojanowo;Wielkopolskie;Bojanowo, Wielkopolskie;51.707;16.751;2790;;False
797;Borek Wielkopolski;Wielkopolskie;Borek Wielkopolski, Wielkopolskie;51.916;17.241;2436;;False
798;Budzyń;Wielkopolskie;Budzyń, Wielkopolskie;52.89;16.988;4668;;False
799;Buk;Wielkopolskie;Buk, Wielkopolskie;52.355;16.52;5502;;False
800;Chocz;Wielkopolskie;Chocz, Wielkopolskie;51.975;17.871;1625;;False
801;Chodzież;Wielkopolskie;Chodzież, Wielkopolskie;52.992;16.917;17321;;False
802;Czarnków;Wielkopolskie;Czarnków, Wielkopolskie;52.905;16.564;9916;;False
803;Czempiń;Wielkopolskie;Czempiń, Wielkopolskie;52.143;16.759;5096;;False
804;Czerniejewo;Wielkopolskie;Czerniejewo, Wielkopolskie;52.428;17.49;2555;;False
805;Dąbie;Wielkopolskie;Dąbie, Wielkopolskie;52.088;18.822;1703;;False
806;Dobra;Wielkopolskie;Dobra, Wielkopolskie;51.916;18.616;1328;;False
807;Dobrzyca;Wielkopolskie;Dobrzyca, Wielkopolskie;51.867;17.602;2922;;False
808;Dolsk;Wielkopolskie;Dolsk, Wielkopolskie;51.982;17.066;1550;;False
809;Gniezno;Wielkopolskie;Gniezno, Wielkopolskie;52.536;17.596;63549;;False
810;Gołańcz;Wielkopolskie;Gołańcz, Wielkopolskie;52.943;17.3;3180;;False
811;Golina;Wielkopolskie;Golina, Wielkopolskie;52.242;18.095;4284;;False
812;Gostyń;Wielkopolskie;Gostyń, Wielkopolskie;51.879;17.012;19814;;False
813;Grabów nad Prosną;Wielkopolskie;Grabów nad Prosną, Wielkopolskie;51.506;18.119;1908;;False
814;Grodzisk Wielkopolski;Wielkopolskie;Grodzisk Wielkopolski, Wielkopolskie;52.226;16.365;15124;;False
815;Jaraczewo;Wielkopolskie;Jaraczewo, Wielkopolskie;51.969;17.298;1368;;False
816;Jarocin;Wielkopolskie;Jarocin, Wielkopolskie;51.972;17.502;26286;;False
817;Jastrowie;Wielkopolskie;Jastrowie, Wielkopolskie;53.421;16.815;8258;;False
818;Jutrosin;Wielkopolskie;Jutrosin, Wielkopolskie;51.652;17.169;1850;;False
819;Kaczory;Wielkopolskie;Kaczory, Wielkopolskie;53.102;16.884;2777;;False
820;Kalisz;Wielkopolskie;Kalisz, Wielkopolskie;51.762;18.089;93137;;False
821;Kępno;Wielkopolskie;Kępno, Wielkopolskie;51.278;17.989;13530;;False
822;Kłecko;Wielkopolskie;Kłecko, Wielkopolskie;52.632;17.431;2520;;False
823;Kleczew;Wielkopolskie;Kleczew, Wielkopolskie;52.37;18.172;3893;;False
824;Kłodawa;Wielkopolskie;Kłodawa, Wielkopolskie;52.254;18.915;5870;;False
825;Kobylin;Wielkopolskie;Kobylin, Wielkopolskie;51.716;17.226;3203;;False
826;Koło;Wielkopolskie;Koło, Wielkopolskie;52.199;18.637;19417;;False
827;Konin;Wielkopolskie;Konin, Wielkopolskie;52.228;18.251;67066;;False
828;Kórnik;Wielkopolskie;Kórnik, Wielkopolskie;52.247;17.09;8141;;False
829;Kościan;Wielkopolskie;Kościan, Wielkopolskie;52.081;16.637;23398;;False
830;Kostrzyn;Wielkopolskie;Kostrzyn, Wielkopolskie;52.398;17.229;9855;;False
831;Koźminek;Wielkopolskie;Koźminek, Wielkopolskie;51.798;18.334;1823;;False
832;Koźmin Wielkopolski;Wielkopolskie;Koźmin Wielkopolski, Wielkopolskie;51.827;17.454;6117;;False
833;Krajenka;Wielkopolskie;Krajenka, Wielkopolskie;53.298;16.991;3498;;False
834;Krobia;Wielkopolskie;Krobia, Wielkopolskie;51.775;16.986;4513;;False
835;Krotoszyn;Wielkopolskie;Krotoszyn, Wielkopolskie;51.696;17.437;28126;;False
836;Krzywiń;Wielkopolskie;Krzywiń, Wielkopolskie;51.963;16.82;1662;;False
837;Krzyż Wielkopolski;Wielkopolskie;Krzyż Wielkopolski, Wielkopolskie;52.879;16.015;5882;;False
838;Książ Wielkopolski;Wielkopolskie;Książ Wielkopolski, Wielkopolskie;52.064;17.241;2544;;False
839;Leszno;Wielkopolskie;Leszno, Wielkopolskie;51.844;16.574;60051;;False
840;Łobżenica;Wielkopolskie;Łobżenica, Wielkopolskie;53.26;17.259;2764;;False
841;Luboń;Wielkopolskie;Luboń, Wielkopolskie;52.347;16.879;32835;;False
842;Lwówek;Wielkopolskie;Lwówek, Wielkopolskie;52.448;16.178;2923;;False
843;Margonin;Wielkopolskie;Margonin, Wielkopolskie;52.973;17.095;2967;;False
844;Miasteczko Krajeńskie;Wielkopolskie;Miasteczko Krajeńskie, Wielkopolskie;53.097;17.006;1069;;False
845;Międzychód;Wielkopolskie;Międzychód, Wielkopolskie;52.602;15.889;9956;;False
846;Miejska Górka;Wielkopolskie;Miejska Górka, Wielkopolskie;51.655;16.955;3054;;False
847;Mikstat;Wielkopolskie;Mikstat, Wielkopolskie;51.533;17.975;1702;;False
848;Miłosław;Wielkopolskie;Miłosław, Wielkopolskie;52.203;17.49;3391;;False
849;Mosina;Wielkopolskie;Mosina, Wielkopolskie;52.245;16.846;14501;;False
850;Murowana Goślina;Wielkopolskie;Murowana Goślina, Wielkopolskie;52.574;17.009;10287;;False
851;Nekla;Wielkopolskie;Nekla, Wielkopolskie;52.366;17.408;3826;;False
852;Nowe Skalmierzyce;Wielkopolskie;Nowe Skalmierzyce, Wielkopolskie;51.711;17.993;4578;;False
853;Nowy Tomyśl;Wielkopolskie;Nowy Tomyśl, Wielkopolskie;52.318;16.128;13591;;False
854;Oborniki;Wielkopolskie;Oborniki, Wielkopolskie;52.645;16.814;17238;;False
855;Obrzycko;Wielkopolskie;Obrzycko, Wielkopolskie;52.709;16.525;2391;;False
856;Odolanów;Wielkopolskie;Odolanów, Wielkopolskie;51.574;17.674;4941;;False
857;Okonek;Wielkopolskie;Okonek, Wielkopolskie;53.536;16.852;3616;;False
858;Opalenica;Wielkopolskie;Opalenica, Wielkopolskie;52.309;16.41;9303;;False
859;Opatówek;Wielkopolskie;Opatówek, Wielkopolskie;51.74;18.215;3493;;False
860;Osieczna;Wielkopolskie;Osieczna, Wielkopolskie;51.904;16.678;2443;;False
861;Ostroróg;Wielkopolskie;Ostroróg, Wielkopolskie;52.627;16.456;1836;;False
862;Ostrów Wielkopolski;Wielkopolskie;Ostrów Wielkopolski, Wielkopolskie;51.65;17.816;69260;;False
863;Ostrzeszów;Wielkopolskie;Ostrzeszów, Wielkopolskie;51.427;17.93;13593;;False
864;Piła;Wielkopolskie;Piła, Wielkopolskie;53.156;16.738;70054;;False
865;Pleszew;Wielkopolskie;Pleszew, Wielkopolskie;51.896;17.787;16610;;False
866;Pniewy;Wielkopolskie;Pniewy, Wielkopolskie;52.507;16.26;8080;;False
867;Pobiedziska;Wielkopolskie;Pobiedziska, Wielkopolskie;52.478;17.289;9891;;False
868;Pogorzela;Wielkopolskie;Pogorzela, Wielkopolskie;51.823;17.234;2032;;False
869;Poniec;Wielkopolskie;Poniec, Wielkopolskie;51.766;16.809;2918;;False
870;Poznań;Wielkopolskie;Poznań, Wielkopolskie;52.408;16.934;538439;;True
871;Przedecz;Wielkopolskie;Przedecz, Wielkopolskie;52.334;18.904;1534;;False
872;Puszczykowo;Wielkopolskie;Puszczykowo, Wielkopolskie;52.284;16.854;9292;;False
873;Pyzdry;Wielkopolskie;Pyzdry, Wielkopolskie;52.17;17.69;2958;;False
874;Rakoniewice;Wielkopolskie;Rakoniewice, Wielkopolskie;52.139;16.274;3590;;False
875;Raszków;Wielkopolskie;Raszków, Wielkopolskie;51.72;17.732;2099;;False
876;Rawicz;Wielkopolskie;Rawicz, Wielkopolskie;51.609;16.858;19655;;False
877;Rogoźno;Wielkopolskie;Rogoźno, Wielkopolskie;52.75;17.002;10771;;False
878;Rychwał;Wielkopolskie;Rychwał, Wielkopolskie;52.07;18.167;2383;;False
879;Rydzyna;Wielkopolskie;Rydzyna, Wielkopolskie;51.789;16.669;2869;;False
880;Sieraków;Wielkopolskie;Sieraków, Wielkopolskie;52.647;16.085;5820;;False
881;Skoki;Wielkopolskie;Skoki, Wielkopolskie;52.671;17.157;4773;;False
882;Ślesin;Wielkopolskie;Ślesin, Wielkopolskie;52.37;18.305;3098;;False
883;Słupca;Wielkopolskie;Słupca, Wielkopolskie;52.288;17.874;12952;;False
884;Śmigiel;Wielkopolskie;Śmigiel, Wielkopolskie;52.013;16.527;5616;;False
885;Sompolno;Wielkopolskie;Sompolno, Wielkopolskie;52.388;18.503;3336;;False
886;Śrem;Wielkopolskie;Śrem, Wielkopolskie;52.088;17.019;27817;;False
887;Środa Wielkopolska;Wielkopolskie;Środa Wielkopolska, Wielkopolskie;52.229;17.28;24324;;False
888;Stawiszyn;Wielkopolskie;Stawiszyn, Wielkopolskie;51.916;18.109;1356;;False
889;Stęszew;Wielkopolskie;Stęszew, Wielkopolskie;52.284;16.701;5874;;False
890;Sulmierzyce;Wielkopolskie;Sulmierzyce, Wielkopolskie;51.606;17.532;2722;;False
891;Swarzędz;Wielkopolskie;Swarzędz, Wielkopolskie;52.41;17.078;28254;;False
892;Szamocin;Wielkopolskie;Szamocin, Wielkopolskie;53.03;17.124;3900;;False
893;Szamotuły;Wielkopolskie;Szamotuły, Wielkopolskie;52.612;16.579;18219;;False
894;Trzcianka;Wielkopolskie;Trzcianka, Wielkopolskie;53.042;16.459;16422;;False
895;Trzemeszno;Wielkopolskie;Trzemeszno, Wielkopolskie;52.564;17.828;7272;;False
896;Tuliszków;Wielkopolskie;Tuliszków, Wielkopolskie;52.077;18.296;3038;;False
897;Turek;Wielkopolskie;Turek, Wielkopolskie;52.016;18.501;24463;;False
898;Ujście;Wielkopolskie;Ujście, Wielkopolskie;53.053;16.732;3355;;False
899;Wągrowiec;Wielkopolskie;Wągrowiec, Wielkopolskie;52.809;17.203;25398;;False
900;Wieleń;Wielkopolskie;Wieleń, Wielkopolskie;52.895;16.171;5677;;False
901;Wielichowo;Wielkopolskie;Wielichowo, Wielkopolskie;52.116;16.351;1665;;False
902;Witkowo;Wielkopolskie;Witkowo, Wielkopolskie;52.439;17.773;7427;;False
903;Wolsztyn;Wielkopolskie;Wolsztyn, Wielkopolskie;52.115;16.117;11935;;False
904;Wronki;Wielkopolskie;Wronki, Wielkopolskie;52.708;16.379;10505;;False
905;Września;Wielkopolskie;Września, Wielkopolskie;52.325;17.57;31759;;False
906;Wyrzysk;Wielkopolskie;Wyrzysk, Wielkopolskie;53.151;17.269;5077;;False
907;Wysoka;Wielkopolskie;Wysoka, Wielkopolskie;53.182;17.08;2511;;False
908;Zagórów;Wielkopolskie;Zagórów, Wielkopolskie;52.169;17.898;2729;;False
909;Zbąszyń;Wielkopolskie;Zbąszyń, Wielkopolskie;52.251;15.925;7016;;False
910;Zduny;Wielkopolskie;Zduny, Wielkopolskie;51.647;17.378;4314;;False
911;Żerków;Wielkopolskie;Żerków, Wielkopolskie;52.069;17.565;2080;;False
912;Złotów;Wielkopolskie;Złotów, Wielkopolskie;53.364;17.04;18138;;False
913;Barlinek;Zachodniopomorskie;Barlinek, Zachodniopomorskie;52.994;15.219;12935;;False
914;Barwice;Zachodniopomorskie;Barwice, Zachodniopomorskie;53.744;16.355;3475;;False
915;Białogard;Zachodniopomorskie;Białogard, Zachodniopomorskie;54.005;15.991;22418;;False
916;Biały Bór;Zachodniopomorskie;Biały Bór, Zachodniopomorskie;53.896;16.835;2142;;False
917;Bobolice;Zachodniopomorskie;Bobolice, Zachodniopomorskie;53.955;16.587;3723;;False
918;Borne Sulinowo;Zachodniopomorskie;Borne Sulinowo, Zachodniopomorskie;53.581;16.547;4843;;False
919;Cedynia;Zachodniopomorskie;Cedynia, Zachodniopomorskie;52.878;14.201;1459;;False
920;Chociwel;Zachodniopomorskie;Chociwel, Zachodniopomorskie;53.464;15.333;2989;;False
921;Chojna;Zachodniopomorskie;Chojna, Zachodniopomorskie;52.963;14.427;7316;;False
922;Choszczno;Zachodniopomorskie;Choszczno, Zachodniopomorskie;53.169;15.42;13895;;False
923;Czaplinek;Zachodniopomorskie;Czaplinek, Zachodniopomorskie;53.558;16.233;6663;;False
924;Człopa;Zachodniopomorskie;Człopa, Zachodniopomorskie;53.089;16.121;2158;;False
925;Darłowo;Zachodniopomorskie;Darłowo, Zachodniopomorskie;54.421;16.411;12512;;False
926;Dębno;Zachodniopomorskie;Dębno, Zachodniopomorskie;52.739;14.697;12885;;False
927;Dobra;Zachodniopomorskie;Dobra, Zachodniopomorskie;53.586;15.31;2019;;False
928;Dobrzany;Zachodniopomorskie;Dobrzany, Zachodniopomorskie;53.361;15.429;2159;;False
929;Drawno;Zachodniopomorskie;Drawno, Zachodniopomorskie;53.22;15.759;2156;;False
930;Drawsko Pomorskie;Zachodniopomorskie;Drawsko Pomorskie, Zachodniopomorskie;53.532;15.814;11224;;False
931;Dziwnów;Zachodniopomorskie;Dziwnów, Zachodniopomorskie;54.027;14.758;2302;;False
932;Golczewo;Zachodniopomorskie;Golczewo, Zachodniopomorskie;53.824;14.978;2504;;False
933;Goleniów;Zachodniopomorskie;Goleniów, Zachodniopomorskie;53.564;14.828;21462;;False
934;Gościno;Zachodniopomorskie;Gościno, Zachodniopomorskie;54.05;15.654;2734;;False
935;Gryfice;Zachodniopomorskie;Gryfice, Zachodniopomorskie;53.917;15.2;15343;;False
936;Gryfino;Zachodniopomorskie;Gryfino, Zachodniopomorskie;53.253;14.488;19691;;False
937;Ińsko;Zachodniopomorskie;Ińsko, Zachodniopomorskie;53.436;15.55;1772;;False
938;Kalisz Pomorski;Zachodniopomorskie;Kalisz Pomorski, Zachodniopomorskie;53.299;15.906;4039;;False
939;Kamień Pomorski;Zachodniopomorskie;Kamień Pomorski, Zachodniopomorskie;53.967;14.771;8291;;False
940;Karlino;Zachodniopomorskie;Karlino, Zachodniopomorskie;54.036;15.879;5477;;False
941;Kołobrzeg;Zachodniopomorskie;Kołobrzeg, Zachodniopomorskie;54.177;15.575;43426;;False
942;Koszalin;Zachodniopomorskie;Koszalin, Zachodniopomorskie;54.19;16.177;105540;;False
943;Lipiany;Zachodniopomorskie;Lipiany, Zachodniopomorskie;53.003;14.97;3798;;False
944;Łobez;Zachodniopomorskie;Łobez, Zachodniopomorskie;53.639;15.621;9516;;False
945;Maszewo;Zachodniopomorskie;Maszewo, Zachodniopomorskie;53.497;15.06;3303;;False
946;Międzyzdroje;Zachodniopomorskie;Międzyzdroje, Zachodniopomorskie;53.929;14.452;4893;;False
947;Mielno;Zachodniopomorskie;Mielno, Zachodniopomorskie;54.26;16.061;2737;;False
948;Mieszkowice;Zachodniopomorskie;Mieszkowice, Zachodniopomorskie;52.788;14.493;3343;;False
949;Mirosławiec;Zachodniopomorskie;Mirosławiec, Zachodniopomorskie;53.343;16.089;3018;;False
950;Moryń;Zachodniopomorskie;Moryń, Zachodniopomorskie;52.858;14.399;1622;;False
951;Myślibórz;Zachodniopomorskie;Myślibórz, Zachodniopomorskie;52.924;14.868;10353;;False
952;Nowe Warpno;Zachodniopomorskie;Nowe Warpno, Zachodniopomorskie;53.723;14.287;1049;;False
953;Nowogard;Zachodniopomorskie;Nowogard, Zachodniopomorskie;53.674;15.116;15695;;False
954;Pełczyce;Zachodniopomorskie;Pełczyce, Zachodniopomorskie;53.043;15.305;2402;;False
955;Płoty;Zachodniopomorskie;Płoty, Zachodniopomorskie;53.801;15.267;3705;;False
956;Polanów;Zachodniopomorskie;Polanów, Zachodniopomorskie;54.119;16.688;2824;;False
957;Połczyn-Zdrój;Zachodniopomorskie;Połczyn-Zdrój, Zachodniopomorskie;53.767;16.092;7243;;False
958;Police;Zachodniopomorskie;Police, Zachodniopomorskie;53.552;14.573;29627;;False
959;Pyrzyce;Zachodniopomorskie;Pyrzyce, Zachodniopomorskie;53.146;14.892;11824;;False
960;Recz;Zachodniopomorskie;Recz, Zachodniopomorskie;53.26;15.551;2647;;False
961;Resko;Zachodniopomorskie;Resko, Zachodniopomorskie;53.773;15.407;3892;;False
962;Sianów;Zachodniopomorskie;Sianów, Zachodniopomorskie;54.226;16.292;6564;;False
963;Sławno;Zachodniopomorskie;Sławno, Zachodniopomorskie;54.362;16.68;11777;;False
964;Stargard Szczeciński;Zachodniopomorskie;Stargard Szczeciński, Zachodniopomorskie;53.339;15.045;66604;;False
965;Stepnica;Zachodniopomorskie;Stepnica, Zachodniopomorskie;53.652;14.625;2520;;False
966;Suchań;Zachodniopomorskie;Suchań, Zachodniopomorskie;53.28;15.325;1393;;False
967;Świdwin;Zachodniopomorskie;Świdwin, Zachodniopomorskie;53.776;15.773;14547;;False
968;Świnoujście;Zachodniopomorskie;Świnoujście, Zachodniopomorskie;53.907;14.246;38904;;False
969;Szczecin;Zachodniopomorskie;Szczecin, Zachodniopomorskie;53.426;14.555;389066;;True
970;Szczecinek;Zachodniopomorskie;Szczecinek, Zachodniopomorskie;53.71;16.693;37557;;False
971;Trzcińsko-Zdrój;Zachodniopomorskie;Trzcińsko-Zdrój, Zachodniopomorskie;52.965;14.605;2114;;False
972;Trzebiatów;Zachodniopomorskie;Trzebiatów, Zachodniopomorskie;54.061;15.265;9314;;False
973;Tuczno;Zachodniopomorskie;Tuczno, Zachodniopomorskie;53.194;16.155;1780;;False
974;Tychowo;Zachodniopomorskie;Tychowo, Zachodniopomorskie;53.928;16.258;2332;;False
975;Wałcz;Zachodniopomorskie;Wałcz, Zachodniopomorskie;53.272;16.471;23578;;False
976;Węgorzyno;Zachodniopomorskie;Węgorzyno, Zachodniopomorskie;53.541;15.559;2628;;False
977;Wolin;Zachodniopomorskie;Wolin, Zachodniopomorskie;53.842;14.614;4639;;False
978;Złocieniec;Zachodniopomorskie;Złocieniec, Zachodniopomorskie;53.531;16.011;12046;;False
