index;City;State;Population;Latitude;Longitude;city-state;AlternateNames;isStateCapital
1;Aa en Hunze;Drenthe;25243.0;53.010485;6.749528;Aa en Hunze, Drenthe;;False
2;Aalburg;Noord-Brabant;12859.0;51.751294;5.057085;Aalburg, Noord-Brabant;;False
3;Aalsmeer;Noord-Holland;30792.0;52.262164;4.761922;Aalsmeer, Noord-Holland;;False
4;Aalten;Gelderland;27030.0;51.926667;6.580678;Aalten, Gelderland;;False
5;Achtkarspelen;Friesland;28002.0;53.210357;6.153565;Achtkarspelen, Friesland;;False
6;Alblasserdam;Zuid-Holland;19822.0;51.870337;4.670202;Alblasserdam, Zuid-Holland;;False
7;Albrandswaard;Zuid-Holland;25044.0;51.858068;4.423187;Albrandswaard, Zuid-Holland;;False
8;Alkmaar;Noord-Holland;94906.0;52.632842;4.755037;Alkmaar, Noord-Holland;;False
9;Almelo;Overijssel;72435.0;52.367027;6.668492;Almelo, Overijssel;;False
10;Almere;Flevoland;196156.0;52.350785;5.264702;Almere, Flevoland;;False
11;Alphen aan den Rijn;Zuid-Holland;106809.0;52.111222;4.647251;Alphen aan den Rijn, Zuid-Holland;;False
12;Alphen-Chaam;Noord-Brabant;9712.0;51.509135;4.861589;Alphen-Chaam, Noord-Brabant;;False
13;Ameland;Friesland;3565.0;53.440564;5.658766;Ameland, Friesland;;False
14;Amersfoort;Utrecht;150943.0;52.156111;5.387827;Amersfoort, Utrecht;;False
15;Amstelveen;Noord-Holland;85135.0;52.311421;4.870087;Amstelveen, Noord-Holland;;False
16;Amsterdam;Noord-Holland;853312.0;52.370216;4.895168;Amsterdam, Noord-Holland;;False
17;Apeldoorn;Gelderland;157535.0;52.211157;5.969923;Apeldoorn, Gelderland;;False
18;Appingedam;Groningen;12049.0;53.320678;6.854422;Appingedam, Groningen;;False
19;Arnhem;Gelderland;150817.0;51.985103;5.89873;Arnhem, Gelderland;;True
20;Assen;Drenthe;67209.0;52.992753;6.564228;Assen, Drenthe;;True
21;Asten;Noord-Brabant;16479.0;51.402994;5.744078;Asten, Noord-Brabant;;False
22;Baarle-Nassau;Noord-Brabant;6617.0;51.445137;4.929523;Baarle-Nassau, Noord-Brabant;;False
23;Baarn;Utrecht;24344.0;52.213182;5.28641;Baarn, Utrecht;;False
24;Barendrecht;Zuid-Holland;47375.0;51.851509;4.548581;Barendrecht, Zuid-Holland;;False
25;Barneveld;Gelderland;54176.0;52.162147;5.65536;Barneveld, Gelderland;;False
26;Bedum;Groningen;10475.0;53.301675;6.599829;Bedum, Groningen;;False
27;Beek;Limburg;16268.0;50.939316;5.795647;Beek, Limburg;;False
28;Beemster;Noord-Holland;8919.0;52.547559;4.913332;Beemster, Noord-Holland;;False
29;Beesel;Limburg;13593.0;51.269698;6.046834;Beesel, Limburg;;False
30;Berg en Dal;Gelderland;18956.0;51.818121;5.920082;Berg en Dal, Gelderland;;False
31;Bergeijk;Noord-Brabant;18250.0;51.319716;5.3575;Bergeijk, Noord-Brabant;;False
32;Bergen (L.);Limburg;13230.0;51.599866;6.032998;Bergen (L.), Limburg;;False
33;Bergen (NH.);Noord-Holland;30075.0;52.674937;4.706395;Bergen (NH.), Noord-Holland;;False
34;Bergen op Zoom;Noord-Brabant;66423.0;51.494576;4.287162;Bergen op Zoom, Noord-Brabant;;False
35;Berkelland;Gelderland;44650.0;52.115157;6.561501;Berkelland, Gelderland;;False
36;Bernheze;Noord-Brabant;29703.0;51.660272;5.501401;Bernheze, Noord-Brabant;;False
37;Best;Noord-Brabant;28594.0;51.507764;5.397848;Best, Noord-Brabant;;False
38;Beuningen;Gelderland;25254.0;51.859724;5.769107;Beuningen, Gelderland;;False
39;Beverwijk;Noord-Holland;40052.0;52.486984;4.657447;Beverwijk, Noord-Holland;;False
40;Binnenmaas;Zuid-Holland;28682.0;51.796188;4.548157;Binnenmaas, Zuid-Holland;;False
41;Bladel;Noord-Brabant;19825.0;51.362963;5.213639;Bladel, Noord-Brabant;;False
42;Blaricum;Noord-Holland;9112.0;52.272669;5.24808;Blaricum, Noord-Holland;;False
43;Bloemendaal;Noord-Holland;22077.0;52.404947;4.620185;Bloemendaal, Noord-Holland;;False
44;Bodegraven-Reeuwijk;Zuid-Holland;32986.0;52.082326;4.746084;Bodegraven-Reeuwijk, Zuid-Holland;;False
45;Boekel;Noord-Brabant;10089.0;51.602879;5.674316;Boekel, Noord-Brabant;;False
46;Borger-Odoorn;Drenthe;25633.0;52.889372;6.888404;Borger-Odoorn, Drenthe;;False
47;Borne;Overijssel;21901.0;52.300237;6.753726;Borne, Overijssel;;False
48;Borsele;Zeeland;22592.0;51.447691;3.803318;Borsele, Zeeland;;False
49;Boxmeer;Noord-Brabant;28135.0;51.645269;5.956666;Boxmeer, Noord-Brabant;;False
50;Boxtel;Noord-Brabant;30325.0;51.601437;5.312177;Boxtel, Noord-Brabant;;False
51;Breda;Noord-Brabant;179999.0;51.571915;4.768323;Breda, Noord-Brabant;;False
52;Brielle;Zuid-Holland;16306.0;51.902582;4.163685;Brielle, Zuid-Holland;;False
53;Bronckhorst;Gelderland;36941.0;52.075595;6.180892;Bronckhorst, Gelderland;;False
54;Brummen;Gelderland;21169.0;52.090167;6.158015;Brummen, Gelderland;;False
55;Brunssum;Limburg;28914.0;50.948896;5.972166;Brunssum, Limburg;;False
56;Bunnik;Utrecht;14619.0;52.066528;5.200776;Bunnik, Utrecht;;False
57;Bunschoten;Utrecht;20547.0;52.240642;5.36707;Bunschoten, Utrecht;;False
58;Buren;Gelderland;25995.0;51.910389;5.334058;Buren, Gelderland;;False
59;Capelle aan den IJssel;Zuid-Holland;66177.0;51.938073;4.591778;Capelle aan den IJssel, Zuid-Holland;;False
60;Castricum;Noord-Holland;34244.0;52.545259;4.672735;Castricum, Noord-Holland;;False
61;Coevorden;Drenthe;35771.0;52.661357;6.741062;Coevorden, Drenthe;;False
62;Cranendonck;Noord-Brabant;20388.0;51.286922;5.596695;Cranendonck, Noord-Brabant;;False
63;Cromstrijen;Zuid-Holland;12748.0;51.736089;4.460849;Cromstrijen, Zuid-Holland;;False
64;Cuijk;Noord-Brabant;24780.0;51.728927;5.879209;Cuijk, Noord-Brabant;;False
65;Culemborg;Gelderland;27579.0;51.956108;5.240045;Culemborg, Gelderland;;False
66;Dalfsen;Overijssel;27655.0;52.507755;6.259667;Dalfsen, Overijssel;;False
67;Dantumadiel;Friesland;19035.0;53.272981;5.98593;Dantumadiel, Friesland;;False
68;De Bilt;Utrecht;42013.0;52.109272;5.180968;De Bilt, Utrecht;;False
69;De Fryske Marren;Friesland;51223.0;52.948003;5.791388;De Fryske Marren, Friesland;;False
70;De Marne;Groningen;10205.0;53.360934;6.380521;De Marne, Groningen;;False
71;De Ronde Venen;Utrecht;42648.0;52.20668;4.886773;De Ronde Venen, Utrecht;;False
72;De Wolden;Drenthe;23592.0;52.681979;6.366039;De Wolden, Drenthe;;False
73;Delft;Zuid-Holland;101493.0;52.011577;4.357068;Delft, Zuid-Holland;;False
74;Delfzijl;Groningen;25686.0;53.331027;6.92446;Delfzijl, Groningen;;False
75;Den Helder;Noord-Holland;56553.0;52.956281;4.760797;Den Helder, Noord-Holland;;False
76;Deurne;Noord-Brabant;31669.0;51.46422;5.795068;Deurne, Noord-Brabant;;False
77;Deventer;Overijssel;98327.0;52.266075;6.155217;Deventer, Overijssel;;False
78;Diemen;Noord-Holland;25980.0;52.338993;4.959189;Diemen, Noord-Holland;;False
79;Dinkelland;Overijssel;25937.0;52.407617;6.89726;Dinkelland, Overijssel;;False
80;Doesburg;Gelderland;11449.0;52.014288;6.139782;Doesburg, Gelderland;;False
81;Doetinchem;Gelderland;56350.0;51.964699;6.293774;Doetinchem, Gelderland;;False
82;Dongen;Noord-Brabant;25389.0;51.62871;4.938239;Dongen, Noord-Brabant;;False
83;Dongeradeel;Friesland;24183.0;53.324884;5.996639;Dongeradeel, Friesland;;False
84;Dordrecht;Zuid-Holland;118716.0;51.813298;4.690093;Dordrecht, Zuid-Holland;;False
85;Drechterland;Noord-Holland;19257.0;52.653307;5.183589;Drechterland, Noord-Holland;;False
86;Drimmelen;Noord-Brabant;26705.0;51.708552;4.80349;Drimmelen, Noord-Brabant;;False
87;Dronten;Flevoland;40451.0;52.534682;5.721809;Dronten, Flevoland;;False
88;Druten;Gelderland;18206.0;51.894084;5.594272;Druten, Gelderland;;False
89;Duiven;Gelderland;25580.0;51.947458;6.01795;Duiven, Gelderland;;False
90;Echt-Susteren;Limburg;31940.0;51.093224;5.907364;Echt-Susteren, Limburg;;False
91;Edam-Volendam;Noord-Holland;28934.0;52.504541;5.045998;Edam-Volendam, Noord-Holland;;False
92;Ede;Gelderland;110657.0;52.040168;5.664859;Ede, Gelderland;;False
93;Eemnes;Utrecht;8773.0;52.253746;5.261275;Eemnes, Utrecht;;False
94;Eemsmond;Groningen;15910.0;53.400344;6.64841;Eemsmond, Groningen;;False
95;Eersel;Noord-Brabant;18201.0;51.357808;5.315912;Eersel, Noord-Brabant;;False
96;Eijsden-Margraten;Limburg;24980.0;50.81996;5.821457;Eijsden-Margraten, Limburg;;False
97;Eindhoven;Noord-Brabant;220782.0;51.441642;5.469722;Eindhoven, Noord-Brabant;;False
98;Elburg;Gelderland;22658.0;52.449263;5.834519;Elburg, Gelderland;;False
99;Emmen;Drenthe;108003.0;52.713237;6.955777;Emmen, Drenthe;;False
100;Enkhuizen;Noord-Holland;18395.0;52.707566;5.27412;Enkhuizen, Noord-Holland;;False
101;Enschede;Overijssel;158542.0;52.221537;6.893662;Enschede, Overijssel;;False
102;Epe;Gelderland;32352.0;52.345017;5.983654;Epe, Gelderland;;False
103;Ermelo;Gelderland;26080.0;52.298665;5.629619;Ermelo, Gelderland;;False
104;Etten-Leur;Noord-Brabant;42351.0;51.586886;4.667138;Etten-Leur, Noord-Brabant;;False
105;Ferwerderadiel;Friesland;8771.0;53.337834;5.823835;Ferwerderadiel, Friesland;;False
106;Geertruidenberg;Noord-Brabant;21597.0;51.702366;4.849978;Geertruidenberg, Noord-Brabant;;False
107;Geldermalsen;Gelderland;26339.0;51.884365;5.229359;Geldermalsen, Gelderland;;False
108;Geldrop-Mierlo;Noord-Brabant;38854.0;51.432447;5.58297;Geldrop-Mierlo, Noord-Brabant;;False
109;Gemert-Bakel;Noord-Brabant;29354.0;51.555289;5.690366;Gemert-Bakel, Noord-Brabant;;False
110;Gennep;Limburg;17285.0;51.697854;5.972675;Gennep, Limburg;;False
111;Giessenlanden;Zuid-Holland;14423.0;51.865735;4.924345;Giessenlanden, Zuid-Holland;;False
112;Gilze en Rijen;Noord-Brabant;26013.0;51.559855;4.909254;Gilze en Rijen, Noord-Brabant;;False
113;Goeree-Overflakkee;Zuid-Holland;48233.0;51.759197;4.116981;Goeree-Overflakkee, Zuid-Holland;;False
114;Goes;Zeeland;36977.0;51.504646;3.89113;Goes, Zeeland;;False
115;Goirle;Noord-Brabant;23060.0;51.523677;5.064195;Goirle, Noord-Brabant;;False
116;Gooise Meren;Noord-Holland;56687.0;52.304762;5.139699;Gooise Meren, Noord-Holland;;False
117;Gorinchem;Zuid-Holland;35252.0;51.837225;4.975829;Gorinchem, Zuid-Holland;;False
118;Gouda;Zuid-Holland;70923.0;52.011521;4.710463;Gouda, Zuid-Holland;;False
119;Grave;Noord-Brabant;12696.0;51.759005;5.73856;Grave, Noord-Brabant;;False
120;Groningen;Groningen;198108.0;53.219383;6.566502;Groningen, Groningen;;True
121;Grootegast;Groningen;12193.0;53.211132;6.274589;Grootegast, Groningen;;False
122;Gulpen-Wittem;Limburg;14492.0;50.800934;5.897288;Gulpen-Wittem, Limburg;;False
123;Haaksbergen;Overijssel;24357.0;52.160665;6.7381;Haaksbergen, Overijssel;;False
124;Haaren;Noord-Brabant;13578.0;51.602133;5.226712;Haaren, Noord-Brabant;;False
125;Haarlem;Noord-Holland;155205.0;52.387388;4.646219;Haarlem, Noord-Holland;;True
126;Haarlemmerliede en Spaarnwoude;Noord-Holland;5547.0;52.414352;4.692848;Haarlemmerliede en Spaarnwoude, Noord-Holland;;False
127;Haarlemmermeer;Noord-Holland;144166.0;52.300378;4.674359;Haarlemmermeer, Noord-Holland;;False
128;Halderberge;Noord-Brabant;29379.0;51.586263;4.513956;Halderberge, Noord-Brabant;;False
129;Hardenberg;Overijssel;59592.0;52.575408;6.616695;Hardenberg, Overijssel;;False
130;Harderwijk;Gelderland;45741.0;52.342202;5.636742;Harderwijk, Gelderland;;False
131;Hardinxveld-Giessendam;Zuid-Holland;17736.0;51.83243;4.833641;Hardinxveld-Giessendam, Zuid-Holland;;False
132;Haren;Groningen;18790.0;53.171826;6.605243;Haren, Groningen;;False
133;Harlingen;Friesland;15810.0;53.174638;5.425152;Harlingen, Friesland;;False
134;Hattem;Gelderland;11742.0;52.473931;6.068176;Hattem, Gelderland;;False
135;Heemskerk;Noord-Holland;39092.0;52.514146;4.682137;Heemskerk, Noord-Holland;;False
136;Heemstede;Noord-Holland;26320.0;52.351063;4.6203;Heemstede, Noord-Holland;;False
137;Heerde;Gelderland;18515.0;52.390918;6.049638;Heerde, Gelderland;;False
138;Heerenveen;Friesland;49388.0;52.960561;5.920522;Heerenveen, Friesland;;False
139;Heerhugowaard;Noord-Holland;53246.0;52.662677;4.832477;Heerhugowaard, Noord-Holland;;False
140;Heerlen;Limburg;88202.0;50.888174;5.979499;Heerlen, Limburg;;False
141;Heeze-Leende;Noord-Brabant;15376.0;51.360442;5.59846;Heeze-Leende, Noord-Brabant;;False
142;Heiloo;Noord-Holland;22626.0;52.601234;4.700493;Heiloo, Noord-Holland;;False
143;Hellendoorn;Overijssel;35697.0;52.376905;6.459724;Hellendoorn, Overijssel;;False
144;Hellevoetsluis;Zuid-Holland;38918.0;51.831863;4.13181;Hellevoetsluis, Zuid-Holland;;False
145;Helmond;Noord-Brabant;89346.0;51.479255;5.65701;Helmond, Noord-Brabant;;False
146;Hendrik-Ido-Ambacht;Zuid-Holland;28952.0;51.842397;4.639506;Hendrik-Ido-Ambacht, Zuid-Holland;;False
147;Hengelo;Overijssel;80975.0;52.257412;6.792772;Hengelo, Overijssel;;False
148;Heumen;Gelderland;16342.0;51.764532;5.84315;Heumen, Gelderland;;False
149;Heusden;Noord-Brabant;43180.0;51.733004;5.138279;Heusden, Noord-Brabant;;False
150;Hillegom;Zuid-Holland;20987.0;52.295626;4.579176;Hillegom, Zuid-Holland;;False
151;Hilvarenbeek;Noord-Brabant;15082.0;51.465175;5.15109;Hilvarenbeek, Noord-Brabant;;False
152;Hilversum;Noord-Holland;86574.0;52.22917;5.166897;Hilversum, Noord-Holland;;False
153;Hof van Twente;Overijssel;34987.0;52.241427;6.591555;Hof van Twente, Overijssel;;False
154;Hollands Kroon;Noord-Holland;47501.0;52.811859;5.00119;Hollands Kroon, Noord-Holland;;False
155;Hoogeveen;Drenthe;54680.0;52.728616;6.4901;Hoogeveen, Drenthe;;False
156;Hoorn;Noord-Holland;71741.0;52.642365;5.060212;Hoorn, Noord-Holland;;False
157;Horst aan de Maas;Limburg;41718.0;51.423226;6.030317;Horst aan de Maas, Limburg;;False
158;Houten;Utrecht;48427.0;52.002991;5.18576;Houten, Utrecht;;False
159;Huizen;Noord-Holland;41239.0;52.299465;5.243393;Huizen, Noord-Holland;;False
160;Hulst;Zeeland;27402.0;51.280691;4.054887;Hulst, Zeeland;;False
161;IJsselstein;Utrecht;34268.0;52.017765;5.0403;IJsselstein, Utrecht;;False
162;Kaag en Braassem;Zuid-Holland;25758.0;52.204135;4.631315;Kaag en Braassem, Zuid-Holland;;False
163;Kampen;Overijssel;51069.0;52.557964;5.914462;Kampen, Overijssel;;False
164;Kapelle;Zeeland;12508.0;51.484755;3.959631;Kapelle, Zeeland;;False
165;Katwijk;Zuid-Holland;62825.0;52.19802;4.419943;Katwijk, Zuid-Holland;;False
166;Kerkrade;Limburg;46773.0;50.865946;6.070549;Kerkrade, Limburg;;False
167;Koggenland;Noord-Holland;22473.0;52.652196;4.942015;Koggenland, Noord-Holland;;False
168;Kollumerland en Nieuwkruisland;Friesland;12856.0;53.305888;6.189109;Kollumerland en Nieuwkruisland, Friesland;;False
169;Korendijk;Zuid-Holland;10693.0;51.810961;4.342386;Korendijk, Zuid-Holland;;False
170;Krimpen aan den IJssel;Zuid-Holland;28814.0;51.914353;4.596233;Krimpen aan den IJssel, Zuid-Holland;;False
171;Krimpenerwaard;Zuid-Holland;54287.0;51.982222;4.781667;Krimpenerwaard, Zuid-Holland;;False
172;Laarbeek;Noord-Brabant;21815.0;51.538447;5.621273;Laarbeek, Noord-Brabant;;False
173;Landerd;Noord-Brabant;15262.0;51.726775;5.659492;Landerd, Noord-Brabant;;False
174;Landgraaf;Limburg;37530.0;50.892765;6.022408;Landgraaf, Limburg;;False
175;Landsmeer;Noord-Holland;10457.0;52.440338;4.920923;Landsmeer, Noord-Holland;;False
176;Langedijk;Noord-Holland;26984.0;52.686711;4.783899;Langedijk, Noord-Holland;;False
177;Lansingerland;Zuid-Holland;57188.0;51.998714;4.516263;Lansingerland, Zuid-Holland;;False
178;Laren;Noord-Holland;10846.0;52.256817;5.224155;Laren, Noord-Holland;;False
179;Leek;Groningen;19607.0;53.161611;6.390616;Leek, Groningen;;False
180;Leerdam;Zuid-Holland;20586.0;51.894313;5.096927;Leerdam, Zuid-Holland;;False
181;Leeuwarden;Friesland;108113.0;53.201233;5.799913;Leeuwarden, Friesland;;True
182;Leiden;Zuid-Holland;121199.0;52.160114;4.49701;Leiden, Zuid-Holland;;False
183;Leiderdorp;Zuid-Holland;26788.0;52.150985;4.528173;Leiderdorp, Zuid-Holland;;False
184;Leidschendam-Voorburg;Zuid-Holland;73392.0;52.087731;4.399385;Leidschendam-Voorburg, Zuid-Holland;;False
185;Lelystad;Flevoland;76170.0;52.518537;5.471422;Lelystad, Flevoland;;True
186;Leudal;Limburg;36213.0;51.261966;5.890997;Leudal, Limburg;;False
187;Leusden;Utrecht;28967.0;52.131793;5.429469;Leusden, Utrecht;;False
188;Lingewaal;Gelderland;11059.0;51.838089;5.076384;Lingewaal, Gelderland;;False
189;Lingewaard;Gelderland;45814.0;51.903891;5.935221;Lingewaard, Gelderland;;False
190;Lisse;Zuid-Holland;22376.0;52.25793;4.557483;Lisse, Zuid-Holland;;False
191;Lochem;Gelderland;33268.0;52.158665;6.409816;Lochem, Gelderland;;False
192;Loon op Zand;Noord-Brabant;23104.0;51.627014;5.072009;Loon op Zand, Noord-Brabant;;False
193;Lopik;Utrecht;14000.0;51.974861;4.945148;Lopik, Utrecht;;False
194;Loppersum;Groningen;10181.0;53.332175;6.747987;Loppersum, Groningen;;False
195;Losser;Overijssel;22619.0;52.262852;7.005785;Losser, Overijssel;;False
196;Maasdriel;Gelderland;24197.0;51.768907;5.323304;Maasdriel, Gelderland;;False
197;Maasgouw;Limburg;23888.0;51.167805;5.88414;Maasgouw, Limburg;;False
198;Maassluis;Zuid-Holland;32097.0;51.922607;4.254566;Maassluis, Zuid-Holland;;False
199;Maastricht;Limburg;122331.0;50.851368;5.690973;Maastricht, Limburg;;True
200;Marum;Groningen;10350.0;53.146252;6.267326;Marum, Groningen;;False
201;Medemblik;Noord-Holland;43331.0;52.767447;5.106918;Medemblik, Noord-Holland;;False
202;Meerssen;Limburg;19259.0;50.884943;5.752637;Meerssen, Limburg;;False
203;Meierijstad;Noord-Brabant;;51.613704;5.548213;Meierijstad, Noord-Brabant;;False
204;Meppel;Drenthe;32875.0;52.692123;6.193719;Meppel, Drenthe;;False
205;Middelburg;Zeeland;47660.0;51.498796;3.610998;Middelburg, Zeeland;;True
206;Midden-Delfland;Zuid-Holland;18449.0;51.954201;4.28831;Midden-Delfland, Zuid-Holland;;False
207;Midden-Drenthe;Drenthe;33368.0;52.861104;6.512304;Midden-Drenthe, Drenthe;;False
208;Midden-Groningen;Groningen;;53.214825;6.503424;Midden-Groningen, Groningen;;False
209;Mill en Sint Hubert;Noord-Brabant;10843.0;51.679806;5.755381;Mill en Sint Hubert, Noord-Brabant;;False
210;Moerdijk;Noord-Brabant;36775.0;51.660156;4.513072;Moerdijk, Noord-Brabant;;False
211;Molenwaard;Zuid-Holland;29043.0;51.89213;4.79834;Molenwaard, Zuid-Holland;;False
212;Montferland;Gelderland;34985.0;51.919617;6.246311;Montferland, Gelderland;;False
213;Montfoort;Utrecht;13639.0;52.036213;4.951859;Montfoort, Utrecht;;False
214;Mook en Middelaar;Limburg;7783.0;51.75123;5.88163;Mook en Middelaar, Limburg;;False
215;Neder-Betuwe;Gelderland;22591.0;51.930937;5.574103;Neder-Betuwe, Gelderland;;False
216;Nederweert;Limburg;16773.0;51.286563;5.752701;Nederweert, Limburg;;False
217;Neerijnen;Gelderland;12022.0;51.831902;5.279356;Neerijnen, Gelderland;;False
218;Nieuwegein;Utrecht;61017.0;52.024821;5.091819;Nieuwegein, Utrecht;;False
219;Nieuwkoop;Zuid-Holland;27114.0;52.150056;4.777359;Nieuwkoop, Zuid-Holland;;False
220;Nijkerk;Gelderland;40600.0;52.222484;5.483563;Nijkerk, Gelderland;;False
221;Nijmegen;Gelderland;168499.0;51.812563;5.837226;Nijmegen, Gelderland;;False
222;Nissewaard;Zuid-Holland;85083.0;51.848034;4.328748;Nissewaard, Zuid-Holland;;False
223;Noord-Beveland;Zeeland;7508.0;51.570283;3.771484;Noord-Beveland, Zeeland;;False
224;Noordenveld;Drenthe;31110.0;53.095093;6.445541;Noordenveld, Drenthe;;False
225;Noordoostpolder;Flevoland;46372.0;52.692622;5.737842;Noordoostpolder, Flevoland;;False
226;Noordwijk;Zuid-Holland;25689.0;52.239989;4.450009;Noordwijk, Zuid-Holland;;False
227;Noordwijkerhout;Zuid-Holland;15982.0;52.260194;4.495584;Noordwijkerhout, Zuid-Holland;;False
228;Nuenen, Gerwen en Nederwetten;Noord-Brabant;22596.0;51.478251;5.556858;Nuenen, Gerwen en Nederwetten, Noord-Brabant;;False
229;Nunspeet;Gelderland;26707.0;52.374772;5.769895;Nunspeet, Gelderland;;False
230;Nuth;Limburg;15577.0;50.911427;5.892596;Nuth, Limburg;;False
231;Oegstgeest;Zuid-Holland;22855.0;52.186226;4.47481;Oegstgeest, Zuid-Holland;;False
232;Oirschot;Noord-Brabant;17989.0;51.504448;5.308463;Oirschot, Noord-Brabant;;False
233;Oisterwijk;Noord-Brabant;25835.0;51.565424;5.203028;Oisterwijk, Noord-Brabant;;False
234;Oldambt;Groningen;38558.0;53.203691;7.05297;Oldambt, Groningen;;False
235;Oldebroek;Gelderland;22824.0;52.447445;5.898317;Oldebroek, Gelderland;;False
236;Oldenzaal;Overijssel;32152.0;52.311655;6.926828;Oldenzaal, Overijssel;;False
237;Olst-Wijhe;Overijssel;17760.0;52.351896;6.127076;Olst-Wijhe, Overijssel;;False
238;Ommen;Overijssel;17370.0;52.506652;6.435289;Ommen, Overijssel;;False
239;Onderbanken;Limburg;7882.0;50.969852;5.965396;Onderbanken, Limburg;;False
240;Oost Gelre;Gelderland;29648.0;51.990117;6.567068;Oost Gelre, Gelderland;;False
241;Oosterhout;Noord-Brabant;53733.0;51.64102;4.86169;Oosterhout, Noord-Brabant;;False
242;Ooststellingwerf;Friesland;25672.0;52.988319;6.270427;Ooststellingwerf, Friesland;;False
243;Oostzaan;Noord-Holland;9154.0;52.440497;4.875722;Oostzaan, Noord-Holland;;False
244;Opmeer;Noord-Holland;11374.0;52.705379;4.942667;Opmeer, Noord-Holland;;False
245;Opsterland;Friesland;29894.0;53.039542;6.11532;Opsterland, Friesland;;False
246;Oss;Noord-Brabant;85039.0;51.76118;5.514048;Oss, Noord-Brabant;;False
247;Oud-Beijerland;Zuid-Holland;23727.0;51.81893;4.427236;Oud-Beijerland, Zuid-Holland;;False
248;Oude IJsselstreek;Gelderland;39614.0;51.911046;6.405564;Oude IJsselstreek, Gelderland;;False
249;Ouder-Amstel;Noord-Holland;13255.0;52.285929;4.913383;Ouder-Amstel, Noord-Holland;;False
250;Oudewater;Utrecht;9868.0;52.024163;4.868417;Oudewater, Utrecht;;False
251;Overbetuwe;Gelderland;46653.0;51.932775;5.781465;Overbetuwe, Gelderland;;False
252;Papendrecht;Zuid-Holland;32140.0;51.842481;4.694183;Papendrecht, Zuid-Holland;;False
253;Peel en Maas;Limburg;43298.0;51.339919;6.012298;Peel en Maas, Limburg;;False
254;Pekela;Groningen;12733.0;53.085241;6.977881;Pekela, Groningen;;False
255;Pijnacker-Nootdorp;Zuid-Holland;51068.0;52.012698;4.427355;Pijnacker-Nootdorp, Zuid-Holland;;False
256;Purmerend;Noord-Holland;79552.0;52.514381;4.964061;Purmerend, Noord-Holland;;False
257;Putten;Gelderland;24044.0;52.245301;5.568482;Putten, Gelderland;;False
258;Raalte;Overijssel;36526.0;52.380903;6.278318;Raalte, Overijssel;;False
259;Reimerswaal;Zeeland;21915.0;51.410002;4.154448;Reimerswaal, Zeeland;;False
260;Renkum;Gelderland;31577.0;51.982983;5.739978;Renkum, Gelderland;;False
261;Renswoude;Utrecht;4928.0;52.074661;5.538173;Renswoude, Utrecht;;False
262;Reusel-De Mierden;Noord-Brabant;12728.0;51.37065;5.146555;Reusel-De Mierden, Noord-Brabant;;False
263;Rheden;Gelderland;43563.0;52.005737;6.027959;Rheden, Gelderland;;False
264;Rhenen;Utrecht;19123.0;51.96214;5.571116;Rhenen, Utrecht;;False
265;Ridderkerk;Zuid-Holland;45207.0;51.870253;4.602234;Ridderkerk, Zuid-Holland;;False
266;Rijssen-Holten;Overijssel;37696.0;52.292506;6.439999;Rijssen-Holten, Overijssel;;False
267;Rijswijk;Zuid-Holland;47680.0;52.037698;4.321974;Rijswijk, Zuid-Holland;;False
268;Roerdalen;Limburg;20808.0;51.139166;6.034269;Roerdalen, Limburg;;False
269;Roermond;Limburg;57030.0;51.19132;5.987772;Roermond, Limburg;;False
270;Roosendaal;Noord-Brabant;76930.0;51.535849;4.465321;Roosendaal, Noord-Brabant;;False
271;Rotterdam;Zuid-Holland;618467.0;51.92442;4.477733;Rotterdam, Zuid-Holland;;False
272;Rozendaal;Gelderland;1500.0;52.009785;5.966507;Rozendaal, Gelderland;;False
273;Rucphen;Noord-Brabant;22213.0;51.533567;4.56032;Rucphen, Noord-Brabant;;False
274;Schagen;Noord-Holland;46016.0;52.788091;4.8044;Schagen, Noord-Holland;;False
275;Scherpenzeel;Gelderland;9496.0;52.07893;5.488065;Scherpenzeel, Gelderland;;False
276;Schiedam;Zuid-Holland;76487.0;51.91696;4.398819;Schiedam, Zuid-Holland;;False
277;Schiermonnikoog;Friesland;938.0;53.489374;6.230911;Schiermonnikoog, Friesland;;False
278;Schinnen;Limburg;12961.0;50.943647;5.879361;Schinnen, Limburg;;False
279;Schouwen-Duiveland;Zeeland;33821.0;51.680357;3.952013;Schouwen-Duiveland, Zeeland;;False
280;'s-Gravenhage;Zuid-Holland;508592.0;52.070498;4.3007;'s-Gravenhage, Zuid-Holland;The Hague,Den Haag;True
281;'s-Hertogenbosch;Noord-Brabant;143745.0;51.711742;5.301631;'s-Hertogenbosch, Noord-Brabant;Den Bosch;True
282;Simpelveld;Limburg;10844.0;50.832849;5.987771;Simpelveld, Limburg;;False
283;Sint Anthonis;Noord-Brabant;11696.0;51.627161;5.885193;Sint Anthonis, Noord-Brabant;;False
284;Sint-Michielsgestel;Noord-Brabant;28186.0;51.641348;5.352881;Sint-Michielsgestel, Noord-Brabant;;False
285;Sittard-Geleen;Limburg;93806.0;51.003168;5.823671;Sittard-Geleen, Limburg;;False
286;Sliedrecht;Zuid-Holland;24528.0;51.824868;4.773162;Sliedrecht, Zuid-Holland;;False
287;Sluis;Zeeland;23795.0;51.308656;3.387919;Sluis, Zeeland;;False
288;Smallingerland;Friesland;55496.0;53.127729;6.079345;Smallingerland, Friesland;;False
289;Soest;Utrecht;45430.0;52.176352;5.299197;Soest, Utrecht;;False
290;Someren;Noord-Brabant;18700.0;51.384967;5.712367;Someren, Noord-Brabant;;False
291;Son en Breugel;Noord-Brabant;16241.0;51.511394;5.498219;Son en Breugel, Noord-Brabant;;False
292;Stadskanaal;Groningen;32793.0;52.991985;6.946222;Stadskanaal, Groningen;;False
293;Staphorst;Overijssel;16365.0;52.642914;6.199494;Staphorst, Overijssel;;False
294;Stede Broec;Noord-Holland;21474.0;51.511394;5.498219;Stede Broec, Noord-Holland;;False
295;Steenbergen;Noord-Brabant;23409.0;51.58124;4.315599;Steenbergen, Noord-Brabant;;False
296;Steenwijkerland;Overijssel;43372.0;52.741538;6.049324;Steenwijkerland, Overijssel;;False
297;Stein;Limburg;25348.0;50.967974;5.76622;Stein, Limburg;;False
298;Stichtse Vecht;Utrecht;63823.0;52.144755;5.033208;Stichtse Vecht, Utrecht;;False
299;Strijen;Zuid-Holland;8678.0;51.744684;4.55392;Strijen, Zuid-Holland;;False
300;Súdwest-Fryslân;Friesland;84258.0;53.023416;5.481658;Súdwest-Fryslân, Friesland;;False
301;Ten Boer;Groningen;7465.0;53.275888;6.6926;Ten Boer, Groningen;;False
302;Terneuzen;Zeeland;54711.0;51.332285;3.832426;Terneuzen, Zeeland;;False
303;Terschelling;Friesland;4769.0;53.397875;5.346679;Terschelling, Friesland;;False
304;Texel;Noord-Holland;13566.0;53.054763;4.797715;Texel, Noord-Holland;;False
305;Teylingen;Zuid-Holland;35723.0;52.222004;4.513404;Teylingen, Zuid-Holland;;False
306;Tholen;Zeeland;25398.0;51.533271;4.216222;Tholen, Zeeland;;False
307;Tiel;Gelderland;41729.0;51.887618;5.427877;Tiel, Gelderland;;False
308;Tilburg;Noord-Brabant;210382.0;51.560596;5.091914;Tilburg, Noord-Brabant;;False
309;Tubbergen;Overijssel;21216.0;52.408907;6.785489;Tubbergen, Overijssel;;False
310;Twenterand;Overijssel;33939.0;52.450068;6.620745;Twenterand, Overijssel;;False
311;Tynaarlo;Drenthe;32506.0;53.101283;6.576097;Tynaarlo, Drenthe;;False
312;Tytsjerksteradiel;Friesland;31980.0;53.176038;5.97868;Tytsjerksteradiel, Friesland;;False
313;Uden;Noord-Brabant;40934.0;51.663107;5.623923;Uden, Noord-Brabant;;False
314;Uitgeest;Noord-Holland;13242.0;52.531225;4.712046;Uitgeest, Noord-Holland;;False
315;Uithoorn;Noord-Holland;28407.0;52.244627;4.831734;Uithoorn, Noord-Holland;;False
316;Urk;Flevoland;19487.0;52.663053;5.598947;Urk, Flevoland;;False
317;Utrecht;Utrecht;328577.0;52.090737;5.12142;Utrecht, Utrecht;;True
318;Utrechtse Heuvelrug;Utrecht;47939.0;52.052203;5.282495;Utrechtse Heuvelrug, Utrecht;;False
319;Vaals;Limburg;9682.0;50.773218;6.011274;Vaals, Limburg;;False
320;Valkenburg aan de Geul;Limburg;16668.0;50.868477;5.826448;Valkenburg aan de Geul, Limburg;;False
321;Valkenswaard;Noord-Brabant;30353.0;51.355496;5.453327;Valkenswaard, Noord-Brabant;;False
322;Veendam;Groningen;27795.0;53.106278;6.8751;Veendam, Groningen;;False
323;Veenendaal;Utrecht;63207.0;52.026301;5.554431;Veenendaal, Utrecht;;False
324;Veere;Zeeland;21882.0;51.548294;3.666006;Veere, Zeeland;;False
325;Veldhoven;Noord-Brabant;44136.0;51.417634;5.406021;Veldhoven, Noord-Brabant;;False
326;Velsen;Noord-Holland;67231.0;52.452059;4.630587;Velsen, Noord-Holland;;False
327;Venlo;Limburg;100381.0;51.370375;6.172403;Venlo, Limburg;;False
328;Venray;Limburg;43120.0;51.525626;5.973699;Venray, Limburg;;False
329;Vianen;Utrecht;19573.0;51.990276;5.103033;Vianen, Utrecht;;False
330;Vlaardingen;Zuid-Holland;71059.0;51.912067;4.349437;Vlaardingen, Zuid-Holland;;False
331;Vlieland;Friesland;1097.0;53.250184;4.951427;Vlieland, Friesland;;False
332;Vlissingen;Zeeland;44450.0;51.453667;3.570912;Vlissingen, Zeeland;;False
333;Voerendaal;Limburg;12447.0;50.879153;5.93116;Voerendaal, Limburg;;False
334;Voorschoten;Zuid-Holland;24941.0;52.12379;4.438598;Voorschoten, Zuid-Holland;;False
335;Voorst;Gelderland;23801.0;52.225271;6.09905;Voorst, Gelderland;;False
336;Vught;Noord-Brabant;25626.0;51.653306;5.294347;Vught, Noord-Brabant;;False
337;Waadhoeke;Friesland;;53.184738;5.531866;Waadhoeke, Friesland;;False
338;Waalre;Noord-Brabant;16804.0;51.387833;5.443202;Waalre, Noord-Brabant;;False
339;Waalwijk;Noord-Brabant;46515.0;51.687895;5.057482;Waalwijk, Noord-Brabant;;False
340;Waddinxveen;Zuid-Holland;25520.0;52.031297;4.659132;Waddinxveen, Zuid-Holland;;False
341;Wageningen;Gelderland;37511.0;51.969187;5.665395;Wageningen, Gelderland;;False
342;Wassenaar;Zuid-Holland;25786.0;52.14291;4.401213;Wassenaar, Zuid-Holland;;False
343;Waterland;Noord-Holland;17154.0;52.44705;5.015475;Waterland, Noord-Holland;;False
344;Weert;Limburg;48727.0;51.243941;5.714222;Weert, Limburg;;False
345;Weesp;Noord-Holland;18231.0;52.308051;5.040622;Weesp, Noord-Holland;;False
346;Werkendam;Noord-Brabant;26400.0;51.808165;4.891848;Werkendam, Noord-Brabant;;False
347;West Maas en Waal;Gelderland;18391.0;51.861341;5.501737;West Maas en Waal, Gelderland;;False
348;Westerveld;Drenthe;18902.0;52.857708;6.29601;Westerveld, Drenthe;;False
349;Westervoort;Gelderland;15147.0;51.963807;5.968984;Westervoort, Gelderland;;False
350;Westerwolde;Groningen;;53.027025;7.110788;Westerwolde, Groningen;;False
351;Westland;Zuid-Holland;103335.0;51.999176;4.217457;Westland, Zuid-Holland;;False
352;Weststellingwerf;Friesland;25487.0;52.871892;6.022919;Weststellingwerf, Friesland;;False
353;Westvoorne;Zuid-Holland;13977.0;51.887279;4.084461;Westvoorne, Zuid-Holland;;False
354;Wierden;Overijssel;23906.0;52.35826;6.593873;Wierden, Overijssel;;False
355;Wijchen;Gelderland;41010.0;51.813674;5.752895;Wijchen, Gelderland;;False
356;Wijdemeren;Noord-Holland;23170.0;52.219688;5.093666;Wijdemeren, Noord-Holland;;False
357;Wijk bij Duurstede;Utrecht;23031.0;51.9756;5.33845;Wijk bij Duurstede, Utrecht;;False
358;Winsum;Groningen;13843.0;53.33081;6.522254;Winsum, Groningen;;False
359;Winterswijk;Gelderland;28873.0;51.971314;6.720509;Winterswijk, Gelderland;;False
360;Woensdrecht;Noord-Brabant;21654.0;51.429248;4.304708;Woensdrecht, Noord-Brabant;;False
361;Woerden;Utrecht;50607.0;52.079829;4.862724;Woerden, Utrecht;;False
362;Wormerland;Noord-Holland;15751.0;52.507275;4.8528;Wormerland, Noord-Holland;;False
363;Woudenberg;Utrecht;12386.0;52.082175;5.426595;Woudenberg, Utrecht;;False
364;Woudrichem;Noord-Brabant;14407.0;51.817007;5.003751;Woudrichem, Noord-Brabant;;False
365;Zaanstad;Noord-Holland;150911.0;52.457966;4.751043;Zaanstad, Noord-Holland;;False
366;Zaltbommel;Gelderland;27207.0;51.813554;5.250773;Zaltbommel, Gelderland;;False
367;Zandvoort;Noord-Holland;16588.0;52.371149;4.533355;Zandvoort, Noord-Holland;;False
368;Zederik;Zuid-Holland;13661.0;51.925558;5.013633;Zederik, Zuid-Holland;;False
369;Zeewolde;Flevoland;21543.0;52.331128;5.540495;Zeewolde, Flevoland;;False
370;Zeist;Utrecht;61337.0;52.090601;5.233253;Zeist, Utrecht;;False
371;Zevenaar;Gelderland;32254.0;51.929445;6.076959;Zevenaar, Gelderland;;False
372;Zoetermeer;Zuid-Holland;123614.0;52.060669;4.494025;Zoetermeer, Zuid-Holland;;False
373;Zoeterwoude;Zuid-Holland;8089.0;52.12083;4.51657;Zoeterwoude, Zuid-Holland;;False
374;Zuidhorn;Groningen;18767.0;53.243148;6.408104;Zuidhorn, Groningen;;False
375;Zuidplas;Zuid-Holland;40878.0;52.006758;4.582785;Zuidplas, Zuid-Holland;;False
376;Zundert;Noord-Brabant;21374.0;51.470701;4.662356;Zundert, Noord-Brabant;;False
377;Zutphen;Gelderland;47154.0;52.142736;6.196058;Zutphen, Gelderland;;False
378;Zwartewaterland;Overijssel;22148.0;52.601512;6.059625;Zwartewaterland, Overijssel;;False
379;Zwijndrecht;Zuid-Holland;44546.0;51.810598;4.627272;Zwijndrecht, Zuid-Holland;;False
380;Zwolle;Overijssel;123211.0;52.516775;6.083022;Zwolle, Overijssel;;True
